l,,,,,,,,,,,
,,,USCF-Rated Event €oins Updated through this Date: ,,,4/18,,,,,
0,,,Chesskid.com €oins Updated through this Date:,,,4/24,,,,,
0,,,BA€oin Leaderboard!,,,,,,,,
0,,,Name (as registered),,Identification (in-person or online ID),,,,,,
,"BAC-€oins
Current / Spent",,"First
Name","Last
Name",USCF ID# (over-the-board),Chesskid.com Username,,Rated Tournaments,"- BAC CLUBS!
- BAC CAMPS!",BAC Online,
,Current,Spent,,,,,,,,,
719,419,300,Samar,Singh,16797601,,,Most Recent Updates:,,,
526,279,247,Shuban,Asu..,30606016,ShubanABayAreaChess,, 'Over-The-Board' €oins Updated through this Date:  ,,,4/18
534,498,36,Prahalad,Rag..,30310037,,,Chesskid €oins Updated through this Date:,,,4/24
,240,,Pranav,Sat..,16464655,,,,,,
515,152,363,Allen,Zha..,30021036,AllenZBayAreaChess,,How Do I Find My Name?,,,
489,489,,Xuchen,Don..,30404762,,,,,,
468,114,354,Vijay,Chi..,30833217,VijayC1,,Use the Search/Find function with  CTRL+F  (Mac = ⌘+F ),,,
442,442,,Xiangqing,Jia..,30882587,XiangpingJBAC,,How Do I Win Coins ?,,,
438,135,303,Sohan,M,17072168,,,,,,
432,132,300,Mihir,Chandra,30689532,,,"BAC Live Tournaments (over-the-board *) : 
* Bye Rounds + Extra-Rated Games may not award Coins.
*Blitz Wins Games are worth 4 coins, not 6.",,,~3 - 24  €oins
419,38,381,Siddharth Chowdary ,Pot..,16710928,,,,,,
409,9,400,Vedant,Ver..,16994832,,,Free Championships / €oin Tourns on Chesskid :,,,~ 1-4  €oins
486,186,300,Maliha,A,30179958,,,What Can I Buy ??,,,
401,401,,Bob ,Zha..,17003495,BobZBayAreaChess,,,,,
399,27,372,Viyan,Vij...,30311632,,,Trade-ins?,Return Medals/Trophies at 75-100% value,,
427,270,157,Junqi,Han..,30656551,JunqiHBAC,,3 Coins,BAC Medal ( buy limit is 1 max),,
368,32,336,Surya,Rag..,30516469,,,6 Coins,Chess Notation Scorebook (50 games),,
357,57,300,Krishay,M,30166119,,,9 Coins,Super-Performance Trophy (buy limit),,
357,254,103,Mohammed,Sut..,30967020,,,18 Coins,Large Trophy (single eagle),,
354,354,,Dhyana ,Sha..,30192412,MsDBayAreaChess,,20 Coins,Weekend Club Class (90mins),,
351,176,175,Hitansh,Kot..,31401028,,,20 Coins,1-YEAR Gold Membership to Chesskid.com,,
345,45,300,Medha,Bal..,30671483,,,24 Coins,Weekend Club Class (120mins),,
342,42,300,Sai Nirmith,I,30174816,,,36 Coins,Extra Large Trophy! (double-eagle) ,,
386,241,145,Liana,Jasmine Farvine Manikandan,32273758,,,75 Coins,Professional NEW Chess Clock ,,
333,333,,Kevin,Pha..,16980042,,,100 Coins,Giant 2-Post Trophy!,,
333,33,300,Neev,Kod..,30693224,,,200 Coins,Giant 3-Post Trophy!! ,,
333,186,147,Cambria,Ghilarducci,31281984,,,300 Coins,Giant 4-Post Trophy!!!,,
352,63,289,Shiven,Jangid,30680572,,,How do I spend them ??,,,
330,30,300,Andrew ,Li..,31166158,,,,,,
318,318,,Satvik,D,16802885,,,"  We will need advance notice as to when you will spend BA€ coins.
Schedule all Redemptions here: 

Trophy Pick-Up or Redemption Appointments!

Trade-ins are worth 75-100% coin value, so long as they are in excellent condition.
We do not accept the 200-300 coin trophies back for Coin exchange.",,,
306,306,,Sanjay,Rav..,30401575,,,,,,
306,31,275,Arnav ,Bho..,16925844,CoolFaithfulPenny,,,,,
306,3,303,Devika,Eby..,30597651,,,,,,
306,134,172,Hithwik,Madineni,31161103,,,,,,
305,224,81,Rosalyn,Chu..,30566652,,,,,,
321,21,300,Alayna,Bin..,30346846,AlaynaBBayAreaChess,,,,,
301,265,36,Anvie,Shah,30515413,,,,,,
293,93,200,Eli,Lee..,16707438,,,,,,
539,403,136,Raajas,KD,30053822,,,Do you see your name in two places (USCF/Chesskid ID)? Let us know so that we may combine them (enrich@bayareachess.com),,,
288,288,,Melissa,X,16962396,,,,,,
288,288,,Hanfei,Li..,30018482,,,,,,
284,284,,Sankarshana,S,30017519,SankarsharnaSBAC,,A Yellow highlight indicates that there is an audit pending,,,
284,70,214,Hsing,Li..,30242303,HsingLBayAreaChess,,,,,
294,294,,Siddharth,Bol..,30248933,,,,,,
,204,,Akshan,Ita..,33073720,,,,,,
279,204,75,Nikhil,Tha..,30612841,,,,,,
279,53,226,Yug,Sha..,16752806,,,,,,
366,366,,Venkata,San..,31859214,,,,,,
267,267,,Emil,Bak..,17117623,,,,,,
279,152,127,Neil,Sha..,30897797,,,,,,
260,260,,Daniel ,Cao..,17081711,,,,,,
258,183,75,Xavier,Cru..,30497608,,,,,,
257,248,9,Johaan,Raj..,31223511,,,,,,
265,190,75,Shaurya,Pat..,31730418,,,,,,
255,0,255,Raymond,Sha..,30785440,,,,,,
253,153,100,Vivek,N,30235096,,,,,,
252,42,210,Anish,Rap..,30668600,,,,,,
249,249,,Kayden Pak,Mo..,30496791,,,,,,
249,249,,Yohan,Ara..,31358229,,,,,,
249,249,,Isaac ,Sue..,30209879,,,,,,
249,249,,Harish,Pas..,30418291,,,,,,
247,11,236,Ouchithya,Yad..,30527814,,,,,,
246,192,54,Rian ,Nal..,31320093,,,,,,
246,246,,Matthew,L,16966164,,,,,,
245,45,200,Rishan,Gho..,30275760,,,,,,
243,243,,Hrishikesh,Bol..,16890941,,,,,,
243,168,75,Ronith,Das..,32003984,,,,,,
243,225,18,Luit,Kashyap,31884790,,,,,,
240,240,,Anushka,Pat..,30595539,,,,,,
285,173,112,Tharsikan,Tharsikan,31850398,,,,,,
238,21,217,Shanaya,Gup..,30657296,,,,,,
238,238,,Theodore,Mil..,30635618,Slimplayfultree,,,,,
237,75,162,Neeraj,Rao..,30789296,,,,,,
236,236,,Reyansh,D,17163074,,,,,,
278,224,54,Riya,Sha..,30498401,RiyaSBayAreaChess,,,,,
231,1,230,Srishti,Sha..,30261660,,,,,,
231,231,,Aditi ,Pat..,30724876,,,,,,
231,231,,William ,Sha..,31652971,,,,,,
461,350,111,Sainika,Bas..,31979184,SainikaBayAreaChess,,,,,
228,101,127,Cameron,T,30632621,,,,,,
227,188,39,Bruce,W,30076240,,,,,,
236,200,36,Aniketh,G,30266902,,,,,,
226,226,,Riaan,P,16688018,RiaanPBayAreaChess,,,,,
225,225,,Om,Kab..,30870218,,,,,,
225,125,100,Bruce Neil,C,30074329,,,,,,
225,159,66,Ethan,Eilam,31685103,,,,,,
371,371,,Shourya ,Mek..,31977340,,,,,,
222,222,,Easton,Gen..,31555243,,,,,,
221,121,100,Tingshun ,Liu..,30055687,TinoLBayAreaChess,,,,,
219,219,,Ken,Zhu..,30692784,,,,,,
219,183,36,Akilan,Ela..,30693574,,,,,,
219,219,,Taran,Pra..,17174231,,,,,,
218,218,,Srikar,P,16906363,,,,,,
217,208,9,Alexander ,"Pn, Ng. ",16748361,,,,,,
216,80,136,Vihaan,Kum..,30424067,,,,,,
216,216,,Eric,Qia..,32131809,,,,,,
214,39,175,Anaira,Pha....,30789284,AnairaPBayAreaChess,,,,,
336,0,336,Mayukh,Jay..,31831924,,,,,,
211,211,,Nicholas,Zhu..,30964744,,,,,,
211,211,,Arda,Ozk..,31143187,GoldLovingJaguar,,,,,
210,0,210,Itai,R-N,30251964,,,,,,
210,210,,Elon,Hus..,30576441,,,,,,
210,210,,Varenya,Kan..,32370856,,,,,,
207,7,200,Timmy Qinnuo,Fan..,30247337,,,,,,
207,129,78,Kartheek ,Yarlagadda,17002863,,,,,,
207,107,100,Aiden,"Hua.,",31903628,,,,,,
206,131,75,Tianmu,Wang,16996027,,,,,,
204,204,,Veer,N,16140037,,,,,,
204,201,3,Sai Shripad,Got..,30675056,,,,,,
204,204,,Leo,Zha..,15983297,,,,,,
204,104,100,Charan,Bor..,17308934,,,,,,
204,184,20,Eric ,Qua..,31274256,,,,,,
204,57,147,Ashutosh,Bha..,30516273,,,,,,
201,201,,Xi,Y,17078702,,,,,,
201,51,150,Anthony ,Zha..,30606711,,,,,,
201,126,75,Abhimanyu,Nai..,30335189,,,,,,
201,126,75,Abhyuday,Kho..,30507606,,,,,,
200,0,200,Serena,Liu...,16887121,,,,,,
199,181,18,Krish,E,30205505,KrishEBayAreaChess,,,,,
198,198,,Darren,Q,17078717,,,,,,
198,198,,Pradyun,Mek..,30262204,,,,,,
228,228,,Aadya,Raj...,31980678,,,,,,
197,161,36,Abhinav ,Bel..,30244067,,,,,,
195,195,,Abraham,Hay..,17332928,,,,,,
195,195,,David ,K,17140478,,,,,,
195,141,54,Pratheek,Esk..,30951656,,,,,,
204,204,,Neel,D,30057884,,,,,,
192,192,,Zlata,B,30025852,BigSkillfulLeopard,,,,,
192,156,36,Jonah,George,30674041,,,,,,
190,90,100,Sonny ,Tra..,,SonnyTBayAreaChess,,,,,
189,39,150,April,Ni..,30407426,,,,,,
189,27,162,Dylan,Qut..,30555134,,,,,,
216,216,,Nirup,Ven..,31592895,,,,,,
188,188,,Aditya,Ban..,17005183,AdityaBBayAreaChess,,,,,
187,187,,Cun,H,17080750,,,,,,
187,187,,Ishan,V,16055185,IshanVarma,,,,,
186,186,,Aiden ,Lia..,17075676,,,,,,
186,86,100,Rikitha,S,30089086,,,,,,
186,6,180,Vihaan,P,16466824,,,,,,
186,186,,Ishaan,Bha..,30244828,,,,,,
186,0,186,Michael,Kva..,30897279,,,,,,
225,225,,Sanjay,V,30182629,,,,,,
279,161,118,Esha,Par..,32321767,,,,,,
211,136,75,Aadithya,Ram..,31922544,,,,,,
183,183,,Zhuoyan,W,16772836,,,,,,
183,183,,Rishi,K,30057035,,,,,,
183,47,136,Kevin,Huang,31215828,,,,,,
183,20,163,Owen ,Wic..,31968193,,,,,,
182,182,,Anshul,Dha..,30260595,AnshulDBayAreaChess,,,,,
182,182,,Kenneth ,Y,17093138,KennethYBayAreaChess,,,,,
182,182,,Spencer,Cho..,30505053,,,,,,
245,245,,Mark,Zha..,31604334,,,,,,
181,86,95,Aakash,Sen..,30551613,AakashSBAC,,,,,
181,31,150,Yashvi,Pra..,31693428,,,,,,
180,180,,Tingxuan,Liu..,17234081,,,,,,
180,180,,Yihang,Zho..,30868368,YihangZBayAreaChess,,,,,
180,5,175,Ivan,Tam..,17267452,,,,,,
180,180,,Olivia,Xu..,31352797,,,,,,
180,180,,Ayur,Gan..,17306168,,,,,,
180,180,,Ayden,Lia..,31243282,,,,,,
180,171,9,Lua,Loyalka,31569531,,,,,,
179,179,,Emily Jiarui,Zhe..,30357652,,,,,,
178,28,150,Viyaan,Khu..,30515391,Champion2324,,,,,
178,178,,Parth,Tom..,16924458,,,,,,
177,177,,Carlo,F,17321652,,,,,,
176,176,,Siddharth,S,16268261,,,,,,
176,176,,Samyak,Pat..,30595653,,,,,,
175,3,172,Naman,Jai..,16626116,,,,,,
226,226,,Cecilia,Rach..,32013975,TidyGlowingWind,,,,,
174,99,75,Reyansh,Paragin,30233070,,,,,,
174,174,,Micah,H,30030948,,,,,,
174,174,,Joshua ,H,16886938,,,,,,
174,174,,Isaac,Li..,30696942,,,,,,
189,159,30,Tymofii,Oho..,31479400,,,,,,
192,192,,Shenze,Xia..,31647050,,,,,,
182,80,102,Prathamesh,Dantkle,31553834,,,,,,
171,171,,Aryan,K,17235042,,,,,,
171,171,,Vaishant,Pal..,16267225,,,,,,
176,158,18,Mo,Zha..,31793140,,,,,,
192,192,,Anant ,Pak..,31783841,,,,,,
168,57,111,Mihir,Kap..,30784266,,,,,,
240,140,100,Vibhav,Jai..,30956084,,,,,,
167,167,,Thanigaivel,Day..,15610852,,,,,,
167,92,75,Rayna,Yan..,30157975,,,,,,
165,15,150,Arjun,Rao..,30140896,,,,,,
164,164,,Atishay,M,30166082,,,,,,
164,164,,Lila,Tsa...,16397621,,,,,,
162,162,,Ian ,K,17190178,,,,,,
162,162,,Mihir,Vay..,31434887,,,,,,
162,162,,Ahana,Kar..,30309121,,,,,,
161,161,,Grant Jia,Xu..,31721357,,,,,,
159,159,,Claire,S,30181766,,,,,,
159,159,,Charvi,A,16816706,,,,,,
159,159,,Aditya Joshua,R,16964021,,,,,,
159,159,,Sanskriti,Kha..,30731487,,,,,,
159,159,,Zimo,Tan..,30624447,,,,,,
159,159,,Lucas ,Kle..,31791803,,,,,,
168,132,36,Soham,Kan..,30717866,,,,,,
159,150,9,Aaron,Lee..,31906682,,,,,,
157,157,,Kingsley,Kon..,30366320,KingsleyKBAC,,,,,
156,56,100,Kien,Den..,30505041,,,,,,
156,45,111,Rohan,Sin...,31887522,,,,,,
171,17,154,Vihaan,Ken..,32280005,,,,,,
156,138,18,Shriariman,Kar..,17239381,,,,,,
156,156,,Sai Satvik,Tal..,30669875,,,,,,
207,32,175,Jinchen ,Wan..,32176467,,,,,,
154,154,,Leo Alexander,Och..,31630951,,,,,,
154,0,154,Kaihan,Liu..,31034862,KaihanLBAC,,,,,
175,148,27,Siddarth,Manikandan,31579144,,,,,,
153,153,,Krish,Kab..,16751652,,,,,,
213,138,75,Ivan,Yoo..,30335192,,,,,,
153,3,150,Leo,Ni..,30407439,,,,,,
153,2,151,Vaishnav,S,30162350,,,,,,
153,153,,Aarav,C,30020885,,,,,,
153,78,75,Aryan,Dod..,30199374,,,,,,
195,123,72,Avirat,Kal..,32060058,,,,,,
152,152,,Boya,W,30210018,,,,,,
150,14,136,Atharva,Gup..,17283494,,,,,,
150,150,,Shivam,Sha..,17258731,,,,,,
150,150,,Matthew,Zha..,30792537,,,,,,
149,149,,Veer Kushal ,Mah..,30215301,,,,,,
149,149,,Aida,A,16668895,,,,,,
148,148,,Danica,L,16963912,,,,,,
147,72,75,Georgios,Rou..,31842241,,,,,,
147,147,,Neal ,Sun,17307025,,,,,,
147,147,,Aditya Naidu,Kan..,16964042,,,,,,
147,147,,Swarat,Par..,17105992,,,,,,
146,146,,Peter ,L,16336146,,,,,,
146,52,94,Ammar,MSI,31778402,,,,,,
145,145,,Divit,Kum..,17329183,,,,,,
,144,,Aahaan,Jai.,32519670,,,,,,
144,144,,Chase,W,15015852,,,,,,
144,69,75,Aaron,Cheng,30523511,,,,,,
162,108,54,Sai Vishnu,Mad..,31959633,,,,,,
174,174,,Neel,Tha..,31865314,,,,,,
143,143,,Brandon,Rho..,30652624,,,,,,
143,143,,Avnish,G,30015415,,,,,,
143,143,,Krish ,V,17050765,Krishvarma,,,,,
142,142,,Hajime,Y,30179312,,,,,,
141,6,135,Shaurya,Jij..,30674090,,,,,,
141,141,,Ryan,P,30256624,,,,,,
141,141,,John ,J,30068693,MegaGiantOkra,,,,,
141,141,,Hwan,C,16962458,,,,,,
141,141,,Tavi,T,30027801,,,,,,
141,33,108,Lucas ,Liu..,30018042,,,,,,
141,48,93,Sidhak,Kha..,31191653,,,,,,
141,66,75,Alp,Aka..,31384772,,,,,,
177,77,100,Aditya,Raj..,31792879,,,,,,
141,141,,Felix ,Li..,31763797,,,,,,
139,139,,Shai ,Lun..,30396387,,,,,,
139,139,,Abhyuv,Mat..,31793011,,,,,,
138,138,,Rex,Y,,BlueMindfulBull,,,,,
138,138,,Derek ,Z,30264964,,,,,,
138,138,,Neil,Cha..,15495526,,,,,,
138,120,18,Riyansh,Kumar,30776521,,,,,,
138,63,75,Vincent,Cru..,30497592,,,,,,
138,120,18,Shrihayagrivan,Kar..,30866683,,,,,,
138,138,,Keshav,Kar..,30246219,,,,,,
138,63,75,Kevin Bo-An,Yu..,17165917,,,,,,
138,138,,Katie,Qwa..,31166540,,,,,,
138,138,,Timurlane,Bus..,30871524,,,,,,
138,29,109,Umair,Mohammed,32230995,,,,,,
147,47,100,Manit,Pat..,31730422,,,,,,
137,137,,Shenghan,F,16963886,,,,,,
137,37,100,Jimmy,Fan..,17303750,,,,,,
137,37,100,Arjun,M,30018527,,,,,,
149,113,36,Askar,K,16540463,,,,,,
136,18,118,Shoaib,Ahm..,30516458,,,,,,
135,135,,Felix ,X,30175205,FelixXBayAreaChess,,,,,
135,135,,Krishna Kumar ,Ram...,16062987,,,,,,
135,135,,Jonathan,Wu..,31484384,,,,,,
159,20,139,Sweya,Yeruva,31740670,,,,,,
174,174,,Aaron ,B,17234054,AaronBBAC,,,,,
135,135,,Steven,Bro..,17160796,,,,,,
171,123,48,Ashrith,Yel..,31484702,,,,,,
133,133,,Shengjie,F,16963081,,,,,,
132,132,,Aaron ,Fen...,16574398,,,,,,
132,132,,Kanak R,P,16747551,,,,,,
132,2,130,Adhyayan Veer,Sin...,30188287,,,,,,
,288,,Ian ,Liu..,31771124,,,,,,
132,132,,Max,Li..,31822933,,,,,,
131,131,,Fred,Zha..,16709174,,,,,,
130,130,,Neev,G,16652883,,,,,,
130,130,,James,B,17304162,,,,,,
130,130,,Snegapraneeth,S,30260576,,,,,,
130,130,,Andy ,Nie..,30238183,,,,,,
130,55,75,Vasisht,Nis..,15809673,,,,,,
166,166,,Alisa,Shc,30129888,,,,,,
129,129,,Nathan ,HS,30149722,,,,,,
129,129,,Naisha,B,16836501,,,,,,
129,129,,Charles,Guo..,30627559,,,,,,
129,129,,Aarush,Dha..,30394503,,,,,,
129,120,9,Will ,Dai..,30641555,,,,,,
129,129,,Hansen,Li..,30830610,,,,,,
129,129,,Soumik ,M,17092973,RealLazyEngineer,,,,,
129,129,,Aaron,Luo..,31265352,,,,,,
129,29,100,Aadi,Pad..,30741276,,,,,,
129,129,,Tejeshwar,Mar...,16075942,,,,,,
129,75,54,Avyaan,Mah...,31217019,,,,,,
129,20,109,Jeremy Sean,Liu..,31165620,,,,,,
129,11,118,Ryan,Lam,31572553,,,,,,
128,28,100,Alexander ,Z,16424726,AccessibleMood,,,,,
156,156,,Evan,Luo..,31798610,,,,,,
126,126,,Joseph,L,16966802,,,,,,
126,126,,Lam,Le..,30487027,,,,,,
126,72,54,Riki,Tor..,16075078,,,,,,
126,45,81,Vanathi,Van..,30709930,,,,,,
126,26,100,Daiwik,Hud..,30335206,,,,,,
126,90,36,Ananth,Gov..,30904403,,,,,,
126,26,100,Souhardya,Pal..,30089740,,,,,,
126,33,93,Shlok,Pat..,30882766,,,,,,
132,32,100,Kyle,Lan..,32337326,,,,,,
168,168,,Varin,Agr..,30132180,,,,,,
124,15,109,Rishi,Gup..,15807257,,,,,,
124,24,100,Ethan,Lin,30033617,EthanLBayAreaChess,,,,,
123,123,,Advaith,Vij...,16733180,,,,,,
123,123,,Jerry,Z,16667158,,,,,,
123,87,36,Kris Michael,Flo..,16462162,,,,,,
123,48,75,Advait,Ana..,30208962,,,,,,
123,2,121,Sean ,XZ,17109032,,,,,,
123,123,,Aniket,J,17165902,,,,,,
123,123,,Matthew,Wan..,30902582,,,,,,
123,48,75,Vishruth,Rayakuntapalle,16520537,,,,,,
123,123,,Izyan Karim,Kha..,16887142,,,,,,
123,87,36,Taylor Yuhao,She..,31488238,,,,,,
123,87,36,Srikar,Rachamreddy,32033117,,,,,,
123,123,,Paul,Sop..,30988950,,,,,,
123,23,100,Pranavi,Prab..,31432398,,,,,,
123,69,54,Vivan,Gup..,31899391,,,,,,
122,122,,Camran,M-K,17031833,,,,,,
122,68,54,Pranauv,Jagadeesan,32321056,,,,,,
121,121,,Arnav ,M,30444684,ArnavMBayAreaChess,,,,,
121,21,100,Zi Zheng,Ng,16466872,,,,,,
,120,,Ishaan,Ell..,32530613,,,,,,
120,120,,Elwen,Z,30014090,,,,,,
120,120,,Daniel ,Vil..,30405492,,,,,,
,126,,Zayd,Ali..,33051351,,,,,,
120,120,,Fan,J,17197998,,,,,,
120,120,,Vaibhav,Vij..,30547901,,,,,,
120,120,,Mustafa,S,30199173,,,,,,
120,45,75,Eli,Sei..,17241710,,,,,,
120,102,18,Theodore G,S,16748423,,,,,,
120,120,,Tyler,L,16551270,,,,,,
129,9,120,Lucas,Goh,31618309,,,,,,
120,2,118,Rishaan,Bha..,32427093,,,,,,
118,118,,Anirudh,Bad...,17053628,,,,,,
118,118,,Shiven,Bal..,15976971,ShivenBBayAreaChess,,,,,
118,118,,Mikhail,Bol..,30451637,MikhailBoldakov,,,,,
117,117,,Ruyi,H,16659933,,,,,,
117,117,,Nora,L,30213933,,,,,,
117,42,75,Samyuktha,Gut..,30214891,,,,,,
150,135,15,Aditya,Ganeriwal,32383047,,,,,,
171,126,45,Goutham,Manikandan,31386155,,,,,,
317,317,,Abhimanyu,Mek..,32529671,,,,,,
115,115,,Adam ,L,,AdamLBayAreaChess,,,,,
115,40,75,Anjali ,R,30140885,AnjaliRBayAreaChess,,,,,
115,115,,Sahil,Shi..,16379226,,,,,,
114,114,,Lucas ,Lia...,13484325,,,,,,
114,114,,Pranavi,P,16800145,,,,,,
114,114,,Yinuo,H,17219612,,,,,,
114,114,,Brendan,C,30275744,,,,,,
114,114,,Rishab,Sur..,16093280,,,,,,
114,14,100,Samuel,Ortego,16777200,,,,,,
114,2,112,Lilia,Ver..,17306848,,,,,,
114,12,102,Kiaan,Sin...,30652952,,,,,,
114,78,36,Ishaan,Philar,30345511,,,,,,
114,78,36,Daniel,Lin,31648783,,,,,,
114,114,,Kanishk,Sat..,31278783,,,,,,
114,114,,Aarush,Dev..,31837428,,,,,,
120,120,,Ilan,Kum..,32099549,,,,,,
113,113,,Callan ,K,,WiryNiceScorpion,,,,,
113,113,,Tejas,Kun..,16134673,,,,,,
112,112,,Jax,B,30249709,JaxBBayAreaChess,,,,,
111,111,,Xianliang,H,16765281,,,,,,
111,111,,Suhatha,Kau...,17106822,,,,,,
111,111,,Sameer,K,16435967,,,,,,
111,111,,Jonathan,Gu..,31282640,,,,,,
111,111,,Arjun,Goe..,17299072,,,,,,
111,93,18,Terence,Che..,32089073,,,,,,
111,36,75,Karthik,Bot..,30143351,,,,,,
111,111,,Liam,Kas..,31310090,,,,,,
110,110,,Dhruv,Tor..,16774352,,,,,,
109,109,,Navin,A,16697048,,,,,,
109,9,100,Andrei,Lab..,30981974,AndreiLabutin,,,,,
108,108,,Haichen,Gao..,30346838,,,,,,
108,72,36,Tarunesh,Kar..,30612467,,,,,,
108,108,,Muyan,Wan..,31881948,,,,,,
108,8,100,Wyatt,Don..,31575112,,,,,,
108,108,,Jason,Nis..,31235950,,,,,,
108,108,,Parsa,Dor..,31483308,,,,,,
108,54,54,Alexander ,Li..,31770142,,,,,,
108,72,36,Byron,Li...,30846286,,,,,,
171,53,118,Cayden,Che..,32474750,,,,,,
107,107,,Zee,C,16965808,,,,,,
107,71,36,Arjun,Kri..,30405486,ArjunKBAChess,,,,,
107,107,,Anthony,Mik..,31820991,,,,,,
107,71,36,Alexandru,Chu..,30792627,AlexisCBAC,,,,,
105,105,,Evan,Shi..,16997990,,,,,,
105,105,,Rahima,N,16997990,,,,,,
105,75,30,Dishen,J,30200987,,,,,,
105,51,54,Tanmay ,Sarda,30187183,,,,,,
105,105,,Maxime,Sob..,31948912,,,,,,
117,42,75,Dhruva,Lel..,31919971,,,,,,
105,51,54,Ryan,Ban..,31919401,,,,,,
105,105,,Hayk,Asa..,32243435,,,,,,
105,69,36,Svaksha,Sud..,32012388,,,,,,
104,104,,Lilang ,L,30018695,LilangLBayAreaChess,,,,,
104,74,30,Mikhail (Misha),Gri..,30142525,MishaGBayAreaChess,,,,,
103,103,,Joshua ,L,30204451,,,,,,
102,102,,Smayan,D,16918036,,,,,,
102,102,,Vishwajith,Arv..,30520844,,,,,,
102,45,57,Felix,Kuo..,31440664,,,,,,
102,102,,Jayden ,Mat..,16534721,,,,,,
120,11,109,Aahlad,Bys...,16423958,,,,,,
102,102,,Benjamin ,Elst..,32471329,,,,,,
210,17,193,Dhruv,Rai..,31774668,,,,,,
150,114,36,Maxwell,Hua...,31521359,,,,,,
108,108,,Nivaan,Dam..,31585030,NivaanDBayAreaChess,,,,,
291,291,,Senja,Sai..,30875038,,,,,,
156,120,36,Parth,Bim..,31626780,,,,,,
101,101,,Joshua ,Hua...,30191695,,,,,,
100,100,,Jashith,K,30016333,,,,,,
100,100,,Jedd,S,16774435,LimeOliveWolf,,,,,
100,0,100,Ren ,MR,16198771,,,,,,
99,99,,Arnav,Atl..,30100713,,,,,,
99,99,,Himank,Gan..,15435918,,,,,,
99,99,,Abraham,Wan..,30752421,,,,,,
99,99,,Eric Juntong,Zhou..,30771288,,,,,,
99,9,90,Umar,Ras..,30516925,,,,,,
99,99,,Shreyan,Goli..,31144152,,,,,,
99,63,36,Arjun,Pal..,31316760,,,,,,
111,93,18,Saheesha,SJ,30198229,,,,,,
99,99,,Sean,Yu..,17165944,,,,,,
99,99,,Sean,Liu..,31641366,,,,,,
99,63,36,Kyle,Yan..,31805164,,,,,,
99,99,,Shubbh,Tha..,17194736,ShubbhTBayAreaChess,,,,,
99,99,,Kaiyan,Nag..,16682238,,,,,,
98,98,,Andrew ,z,30100762,,,,,,
98,98,,Siddhant,Swa..,30281436,CoolBigTreasure,,,,,
113,38,75,Wesley,Lok..,31209203,WesleyLBAC1,,,,,
97,97,,Wilmer,Arq..,30287564,,,,,,
96,96,,Mannash,N,15697026,,,,,,
96,96,,Gaurav K,G,16644458,,,,,,
96,96,,Albert,Zha..,30541712,,,,,,
96,96,,Yuqin,Zha..,16443732,,,,,,
96,96,,Hiruna,Fer..,30556260,,,,,,
96,96,,Kevin,Qi..,17125493,,,,,,
96,96,,Nate,Lon..,31268712,,,,,,
96,96,,Ben,May..,17116065,,,,,,
96,96,,Austin ,Lee..,30512356,,,,,,
96,96,,Taran,Rak..,30660515,,,,,,
96,96,,Jayden,Cho..,30514229,,,,,,
96,-4,100,Moukthik,Ved..,30893985,,,,,,
96,96,,Dev,Raw..,31015037,,,,,,
96,60,36,Evaan,B,30231603,,,,,,
117,81,36,Leo,Sta..,32023267,,,,,,
96,96,,Sebastian,Yan..,31533160,,,,,,
96,87,9,Ryan ,Shen,31735529,,,,,,
,96,,Samrudh,Gup..,33075846,,,,,,
96,96,,Chloe,Li..,31823138,,,,,,
95,95,,Shankara,M,16810493,,,,,,
95,95,,Nivedh H,Pan..,16447578,,,,,,
95,59,36,Upasana,H,16909508,,,,,,
94,94,,Sophia,L,16287914,,,,,,
94,94,,Sreyan ,G,17248390,SreyanGBayAreaChess,,,,,
93,93,,Benjamin,Qua..,30346703,,,,,,
93,93,,Samir Alexander,M,30289257,,,,,,
93,93,,Varchas,Tha..,15692392,,,,,,
93,93,,Niral,Poo..,30730582,,,,,,
93,93,,George,Yan..,30514996,,,,,,
93,93,,Arin ,D,30202437,,,,,,
93,93,,Rorey,She..,30627484,,,,,,
93,18,75,Shivish,Ane..,30036465,,,,,,
93,93,,Nirvaan,Goe..,30516370,,,,,,
93,93,,Jonathan ,Dai..,31493104,,,,,,
108,108,,Anthony,Ke..,31773967,,,,,,
229,229,,Hari,Din..,30015106,,,,,,
93,57,36,Auran,Raz..,31354862,AuranRBayAreaChess,,,,,
93,93,,Aravind,A,16315113,,,,,,
93,6,87,Judah,Dav..,32517241,,,,,,
93,93,,Siva,Gop..,32534321,,,,,,
92,92,,Aarya,Gup..,30426379,AaryaGBAC,,,,,
91,91,,Tyler,Ron..,30491911,,,,,,
91,91,,Aditya ,K,17069123,AdityaKBayAreaChess,,,,,
91,55,36,Arjun ,R,31425411,ArjunRamBAC,,,,,
90,90,,Dan,Shu..,30144455,,,,,,
90,90,,Naren Ganapathy,Vis..,30613470,,,,,,
90,90,,Alvin,Sia..,16319033,,,,,,
90,90,,Tanush,Yed..,15506994,,,,,,
90,90,,Ethan,Ya..,31331487,,,,,,
126,126,,Siddh,Bel..,31296502,,,,,,
90,36,54,Shreyas ,Red..,30705446,,,,,,
90,90,,Abhigna,Nas..,30625243,,,,,,
90,54,36,Po-Yen,Lee..,30865708,,,,,,
90,54,36,Yugandhar,Jangam,31685993,,,,,,
138,63,75,Darsh,The..,32087041,,,,,,
96,21,75,Om,Pal..,31298638,,,,,,
90,54,36,Sanvika,Muk..,30603207,,,,,,
414,414,,Aariv,Has..,32417761,,,,,,
90,63,27,Arnav ,Mis..,31936260,,,,,,
90,90,,Muyang,Che..,32142495,,,,,,
90,90,,Bryan,Sun..,31275930,,,,,,
102,102,,Venpa,Kum..,32099550,,,,,,
89,89,,Wyden,Wu..,30672644,WydenWBayAreaChess,,,,,
89,89,,Sayan,Muk..,17246194,,,,,,
88,88,,Smayan,Den..,32008037,,,,,,
87,87,,Sai Chanduru,VR,30185550,PurePositiveMagic,,,,,
87,87,,Olivia,Leu..,16439940,,,,,,
87,84,3,Breakwell,Loy..,31569521,,,,,,
87,87,,Amir,Osm..,30189179,,,,,,
87,51,36,Anay,Vad..,31761192,,,,,,
87,87,,Neil,Yed..,30830501,,,,,,
87,87,,Soarin,D-S,32453663,,,,,,
87,69,18,Ryan ,Shelar,30886493,,,,,,
87,87,,Nevaan,Jad..,30679257,,,,,,
99,24,75,Advik,Pra..,31779310,,,,,,
192,192,,Aayush,Ram...,32518072,,,,,,
86,86,,Aarush,K,16730022,,,,,,
86,86,,Ankan ,S,16999975,AnkanSBayAreaChess,,,,,
86,86,,Alexander ,Kur..,30653995,AlexanderKBAChess,,,,,
85,85,,Ansh,Shr..,30136879,,,,,,
84,84,,Haiming,L,16926868,,,,,,
84,84,,Jeremy,Zha..,17076230,,,,,,
,84,,Ayansh,Bha..,32560280,,,,,,
84,84,,Joshua ,Gar...,30187192,,,,,,
84,84,,Arthur,L,16380951,,,,,,
84,84,,Alexandra,Zhu..,30510499,,,,,,
,84,,Keira,Cha..,33060545,,,,,,
84,84,,Havya,Kon..,30501012,,,,,,
84,84,,Henry Travis,Han..,17196727,,,,,,
84,15,69,Asher,Luo..,30747710,AsherLBayAreaChess,,,,,
84,57,27,Poornand,Aru...,30869371,,,,,,
84,9,75,Navaneet,Jon..,16499405,,,,,,
84,84,,Youhe,Wan..,31880791,,,,,,
99,90,9,Vihas,Penumadu,30320972,,,,,,
84,54,30,Xuanxi,Qiu,32097497,,,,,,
84,84,,Ryan,Sha..,31267296,,,,,,
84,6,78,I Haun,Cha..,32462525,,,,,,
126,126,,Parishi,Awa..,32331139,,,,,,
84,84,,Ananya,A,16325330,,,,,,
99,24,75,Thanmayee,Pon..,31036538,,,,,,
102,57,45,Luke,Goh,31940433,,,,,,
83,83,,Zidan ,L,30018660,ZidanLBayAreaChess,,,,,
83,83,,Advik ,Lad..,31997361,,,,,,
81,81,,Krish,V,15696305,,,,,,
81,81,,Marcus,Gua..,17303640,,,,,,
81,81,,Brian,Ren.,30494394,,,,,,
81,81,,Daniel ,K,16688877,,,,,,
81,81,,Arulram,Ram..,30785162,,,,,,
81,81,,Ashwin,Agr..,30573596,,,,,,
81,81,,Sachin,Gup..,15893798,,,,,,
81,81,,Anish,Adu..,30496081,Anizoom,,,,,
81,45,36,Ronav,Man..,17314640,,,,,,
81,0,81,Rushil,Jilla,31007558,,,,,,
81,6,75,Khesav,Pra..,31631254,,,,,,
81,63,18,Kian,Jha..,30638609,,,,,,
81,81,,Shlok,Cho..,30627995,,,,,,
81,81,,Avaneesh,Pra..,30567296,,,,,,
93,0,93,Shubhra,Mishra,32368863,,,,,,
81,81,,Aarav,Mis..,31038479,,,,,,
81,81,,Ethan,Leu..,32541981,,,,,,
80,80,,Andrew ,Yu..,30061504,AndrewYBAC,,,,,
79,79,,Larry,Lu..,30520718,LarryL-FTBAC,,,,,
79,58,21,Abhimanyu,Nai...,30335189,,,,,,
78,42,36,Yuvraj Singh,Saw..,17095004,,,,,,
78,78,,Pratyush ,H,16317000,,,,,,
78,78,,Everett,Wu..,16771085,,,,,,
78,78,,Akhil,Kri..,30511747,,,,,,
78,78,,Kar Lun,Che..,30599116,,,,,,
78,78,,Wangchen,Gao..,30512285,,,,,,
78,78,,Nick,Jia..,16985981,,,,,,
78,78,,Luca,Ced..,30733905,,,,,,
78,78,,Syd,Sin...,17102965,,,,,,
78,78,,Arulnidi Kandiamman,Ram..,30785094,,,,,,
78,78,,Ethan,Zhu..,31547417,,,,,,
78,3,75,Hugo,Pou..,31093860,,,,,,
78,78,,Aarav,Kum..,30578595,,,,,,
78,78,,Saisatvik,Tur..,30631440,,,,,,
78,78,,Arjun ,Alt.,31617636,,,,,,
78,42,36,Nachiketa,Cha..,30664799,,,,,,
78,75,3,Kavin,Ramakrishnan,32078621,,,,,,
78,78,,Jason ,Shn..,30441725,,,,,,
78,78,,Stephen,Jin..,32237622,,,,,,
78,78,,Aden,Li..,32079240,,,,,,
78,78,,Kody Pak,Mo..,31675922,,,,,,
81,81,,Aadhi,Sar..,32520169,,,,,,
87,87,,Dhanin,Sas...,31978480,,,,,,
111,111,,Siddhant,Vag..,32425571,,,,,,
78,78,,Si Hao,Hua..,31312861,MiniPeacefulCenter,,,,,
138,138,,Mira,Mar..,31894011,,,,,,
77,77,,Advik,S,30606119,AdvikS-FTBAC,,,,,
77,41,36,Yishan,Yua..,30518615,YishanYBayAreaChess,,,,,
77,41,36,Chun Yen,Lee,30868257,,,,,,
76,76,,Aanik,Cha..,31016806,,,,,,
76,40,36,Aaditya,Ami..,31401602,,,,,,
76,31,45,Niko,Kladianos,32362132,,,,,,
76,76,,Aditi ,Sin...,16969048,,,,,,
76,76,,Sophia,Yu..,31281305,,,,,,
75,0,75,Kanishk,J,16575412,,,,,,
75,75,,Nikhil,D,17095010,,,,,,
75,75,,Andrew Andi,Wu...,30233610,,,,,,
75,75,,Yuhan,Jin..,17102986,,,,,,
75,75,,Pradyun,Kal..,30493515,,,,,,
75,0,75,Sri Ansh ,Dum..,16709284,,,,,,
315,315,,Prashu,Kha..,30055226,,,,,,
75,75,,Zayden,W,17088337,,,,,,
75,75,,Pranad Sai ,Kar..,17136231,,,,,,
75,75,,Derric,Tu..,31007567,,,,,,
75,0,75,Matthew,Wit..,30952984,,,,,,
75,75,,Varchasv,Gar...,30583143,,,,,,
75,75,,Jeremy,Qui..,16750753,,,,,,
75,39,36,Avyukth,Dav..,31523074,,,,,,
75,3,72,Mokshagna,Ganne,31311639,,,,,,
75,75,,Ishaan,Sin...,17221874,,,,,,
75,75,,Dominic,Li..,30520668,,,,,,
123,87,36,Sathkrith,Nar..,31482359,,,,,,
102,102,,Adir,Ban..,32038771,,,,,,
81,24,57,Madhav,Raj...,31392309,,,,,,
75,75,,Lucas ,Guo..,31351312,,,,,,
75,-6,81,Reyansh,Mun..,32488894,,,,,,
75,60,15,Yuvan Sai Sai,Vladlamudi,31090094,,,,,,
105,105,,Sashank,Vas..,31938639,,,,,,
75,57,18,Aiden,Gao..,31977167,,,,,,
74,74,,Naveen,K,15797725,,,,,,
74,71,3,Atticus,Huang,32521289,,,,,,
73,73,,Ashwin,P,15721886,,,,,,
73,73,,Aadhitya,Rav..,30024883,AadhityaRBAC,,,,,
72,72,,Charlene,L,16705997,,,,,,
72,72,,Sudeep,Raj..,30428291,,,,,,
72,72,,Ashmeet,Gor..,14701160,,,,,,
72,72,,Raghav,Ram...,16240742,,,,,,
72,72,,Vihan ,Gro..,30105977,,,,,,
72,72,,Kyle,Lam..,31123846,,,,,,
72,72,,Dhritee,Des..,16336152,,,,,,
102,102,,Kaiqi,McN,31097469,,,,,,
72,72,,Krivi,Mad..,30891912,,,,,,
72,72,,Aarush Hedge,Sha..,30346143,,,,,,
72,72,,Raathika,Bal..,30678450,,,,,,
72,18,54,Kai ,Lee..,31632406,,,,,,
72,72,,Nithik,Tam..,30705024,,,,,,
72,72,,Rishan,Kak..,30360248,,,,,,
72,72,,Pranav,DB,30518186,,,,,,
72,45,27,Yesunge,Bolorerdene ,31616776,,,,,,
72,72,,Yue-En,Hua...,31999922,,,,,,
72,72,,Kian ,Jak.,30680490,,,,,,
72,18,54,Vincent,Liu..,31590188,,,,,,
72,72,,Achyuth,Nai..,32007118,,,,,,
99,99,,Zane,Chu..,16983078,,,,,,
72,63,9,Arjun,Nir..,31074726,,,,,,
72,72,,Prahaas,Kon..,31320220,,,,,,
72,72,,Sanvi,Pat..,30690482,,,,,,
72,72,,Rishul,Gup..,31482992,,,,,,
72,36,36,Vandeet,Tur..,31175509,,,,,,
72,72,,Frances,Hua...,32191980,,,,,,
72,72,,Arya,Amd..,32384716,,,,,,
71,-1,72,Allen,Y,16338797,,,,,,
70,70,,Kayden,T,30204135,,,,,,
70,70,,Krishna,K,30226018,KrishnaKBayAreaChess,,,,,
69,69,,Zachary,W,30040377,,,,,,
69,69,,Rohit Sai,Cha..,17257895,,,,,,
69,69,,Alan,Luo..,17093542,,,,,,
69,69,,Marvin,Che..,30649016,,,,,,
69,69,,Kishan,Pas..,30703330,,,,,,
69,69,,Srivardhan,Van..,30551592,,,,,,
69,69,,Pushkar,Diw..,16084051,,,,,,
69,69,,Vasisht,Mac..,30508930,,,,,,
69,33,36,Aarav ,Sree..,17300290,,,,,,
69,69,,Vikram,Sny..,16771964,,,,,,
69,69,,Eshan,Gan..,17314661,,,,,,
69,69,,Shrey,Gor..,16314826,,,,,,
69,69,,Nihal Tej ,Gun..,17299140,,,,,,
69,69,,Karthik,Kaj..,30786374,,,,,,
99,99,,Advaita,Thu..,16771414,,,,,,
69,69,,Ritwik,Bho..,31746653,,,,,,
69,60,9,Adhvit,Gup...,17354762,,,,,,
69,69,,Aditya,D,30020791,AdityaDBAC,,,,,
81,81,,Sherwin,Ali..,32263244,,,,,,
75,75,,Aryahi,Sah..,32095589,,,,,,
68,68,,66,A,30187177,,,,,,
68,68,,Guruprasad,G,30204154,,,,,,
68,68,,Corbin ,C,16780670,"CorbinCBayAreaChess",,,,,
71,71,,Xiaoxi,Sha..,31783008,,,,,,
67,67,,Advay,C,16836867,,,,,,
67,67,,Brigham A,Ald..,16461634,,,,,,
66,66,,Jonathan,G,16947143,,,,,,
66,66,,Ryan,Ara,30399069,,,,,,
66,66,,Michael Thomas,Tot..,30338558,,,,,,
66,66,,Malcolm,Dec..,30077361,,,,,,
66,66,,Anderson,Chu..,15489324,,,,,,
66,66,,Tej Vivek,Nad..,16319048,,,,,,
66,66,,Eric ,Leo..,30638080,,,,,,
66,66,,Arjun Sathish,Kum..,30495173,,,,,,
66,66,,Florence,Jov..,16553522,,,,,,
66,66,,Bartin,Yao..,17303744,,,,,,
66,66,,Omer Eren,Aya..,30950933,,,,,,
66,66,,Vishnu,Par..,17096495,,,,,,
66,66,,Jiaming,Zha..,30988843,,,,,,
66,66,,William,Gan..,31384402,,,,,,
66,66,,Krish,Agr..,31091495,,,,,,
66,66,,Declan,Tay..,30789308,,,,,,
66,30,36,Risha Santosh,Moh..,17108065,,,,,,
66,66,,Tharun,Ana..,30496294,,,,,,
66,66,,Rishabh,Mad..,30260082,,,,,,
66,57,9,Benjamin ,Xu..,31302922,,,,,,
66,66,,Jay,Mas..,31853285,,,,,,
66,66,,Keller,Ma..,31327889,,,,,,
66,66,,Srikruthin,Kal..,30834608,,,,,,
66,66,,Anirudh,G,30214880,,,,,,
66,30,36,Evan,Leo..,30242135,,,,,,
66,66,,Thomas,Rie..,31985714,,,,,,
66,30,36,Akshay,Vem..,30518578,,,,,,
66,66,,Kyle,Tea..,30603199,,,,,,
66,66,,Ethan,Bu..,32156835,,,,,,
111,111,,Ian Yi,Li..,32143578,,,,,,
66,66,,Suryansh,Kon..,32111234,,,,,,
66,66,,Alexander ,Zhu..,32549700,,,,,,
99,90,9,Jason,Chen,31861997,,,,,,
65,65,,Calvin Django,Dee..,30307126,,,,,,
65,65,,Mike,S,30207265,,,,,,
65,65,,Suyuan,G,16962930,,,,,,
63,63,,Kabir,K,16809008,,,,,,
63,63,,Dhruv,B,16263017,,,,,,
63,63,,Harshith,Man..,30568572,,,,,,
63,63,,Alex,Cha..,17267645,,,,,,
63,63,,Spencer,Zha..,30739466,,,,,,
63,63,,Ayaan,A,30180522,,,,,,
63,45,18,Vivaan,Mah..,30936750,,,,,,
63,63,,Aiden,Gre..,31952737,31215828,,,,,
63,63,,Tristan,Ma..,31524961,,,,,,
63,63,,Arjun Rao,Kor..,31631603,,,,,,
63,18,45,Calvin,Vogelsang,32317887,,,,,,
63,27,36,Pranavi,M,17242948,PranaviMBAC,,,,,
63,63,,Keshav,K,16541445,,,,,,
63,63,,Darsh,Jag..,30732840,,,,,,
63,63,,Ashrith,Tat..,32470894,,,,,,
75,75,,Thomas,Jun..,32558402,,,,,,
63,27,36,Devdatta,Pai..,32498759,,,,,,
93,30,63,Wynn,Yu..,32237802,,,,,,
62,62,,Kaison,F,17148825,,,,,,
62,62,,James,Kim..,32537634,,,,,,
61,61,,Diego,V,30335219,DiegoVBayAreaChess,,,,,
61,25,36,Kido,P,30227375,KidoPBayAreaChess,,,,,
61,61,,Krish,Am..,32391877,,,,,,
60,60,,Advait Suraj,V,16096425,,,,,,
60,60,,Kaelyn ,D,30145084,KaelynDBayAreaChess,,,,,
75,75,,Vedanth,V,30199188,,,,,,
60,60,,Ivan,Z,17352346,,,,,,
60,60,,Noah ,Mar..,15645273,,,,,,
60,60,,Carlos ,Gal..,30263086,,,,,,
60,60,,Ethan,Han..,30036213,,,,,,
60,60,,Abhijit ,Mah..,30346039,,,,,,
,60,,Toshiro,Kha..,32373007,,,,,,
60,60,,Aayush,Din..,30100231,,,,,,
60,60,,Logan,Liu..,32358609,,,,,,
60,60,,Krishna,Bai..,30061894,,,,,,
60,60,,Derek ,Tan..,16428610,,,,,,
60,60,,Raaga,Gur..,17191014,,,,,,
60,60,,Aaditya,Agr..,30727086,,,,,,
60,60,,Rohan ,Jai..,30700332,,,,,,
,60,,Vayun,Goe..,32795746,,,,,,
84,84,,Sriaditya,Pen..,16681146,,,,,,
60,60,,Thomas,Bel..,31453043,BigFaithfulChimp,,,,,
60,60,,Joselyn,Din..,30674022,,,,,,
60,40,20,Liam,L,30390852,LiamL-FTBAC,,,,,
60,60,,Aahlaad,V,30233180,,,,,,
60,60,,Utsav,Aga..,30217182,,,,,,
84,48,36,Bethany,Ma,16152685,,,,,,
60,60,,Harikrishnan,Pra..,30207322,,,,,,
60,51,9,Adithya,S,31577180,,,,,,
60,60,,Ian ,Lin..,31367435,,,,,,
60,40,20,Rohan,Hal..,31978886,,,,,,
60,60,,Andrew,Guo..,16192001,,,,,,
60,18,42,Dhruv,Sin...,30967677,,,,,,
60,6,54,Ragunandan,Mad..,31594562,,,,,,
66,66,,Vihad,Ban..,31807769,,,,,,
60,57,3,Aryan,Kul..,17076088,,,,,,
60,60,,Ujaan,Cha..,32317847,,,,,,
72,72,,Sriniketh,Sriram,30548661,,,,,,
60,60,,Rya,Che...,32071737,,,,,,
108,54,54,Milan,Ran..,32534420,,,,,,
72,72,,Andrea,Rao..,31244668,,,,,,
120,66,54,Prachet,Kow..,31647145,,,,,,
72,72,,Isaac,Zho..,32273950,,,,,,
59,59,,Neel,Mou..,17257900,NeelMBayAreaChess,,,,,
59,59,,Arjun,She..,17314702,AShenoyBAC,,,,,
59,41,18,Angelina,Ramesh Lee,16920660,,,,,,
58,58,,Cameron,J,16999981,,,,,,
57,57,,Tobiahs,R,30164211,,,,,,
57,57,,Emma,W,16298151,,,,,,
57,57,,Andrew,Sha..,30417007,,,,,,
57,57,,Stephen,Z,16412414,,,,,,
57,57,,Benjamin ,Luk..,16693856,,,,,,
57,57,,Sourodeep,D,16905045,,,,,,
57,57,,Lucas Immanuel,O,16778925,,,,,,
57,57,,Evan,Wan..,30117653,,,,,,
57,57,,Shourya,Bat..,30523169,,,,,,
57,57,,Kaizen,Tou..,30949002,,,,,,
57,57,,Mingyu,Yan..,16416622,,,,,,
57,57,,Shivam,Avu..,30509412,,,,,,
57,21,36,Rakshita,Dhanasekau,16966452,,,,,,
57,48,9,Johann,Loeb,31532682,,,,,,
57,57,,Rohan,Pri..,16760860,,,,,,
57,57,,Rishi,Kam..,31035880,,,,,,
57,57,,Anthony,Gwo..,31903279,,,,,,
57,57,,Wilson,Han..,30974362,,,,,,
57,57,,Avish,Sar..,30535053,,,,,,
57,57,,Aarav,Pra..,32101404,,,,,,
300,0,300,Marvin,Guo..,31852243,,,,,,
57,57,,Aadrik,Nay..,31111536,,,,,,
57,57,,Arjun Savana,Kum..,32099073,,,,,,
55,55,,Savir,K,15724048,,,,,,
55,55,,Arnav ,Kav..,30255867,,,,,,
55,55,,Ansh Shenvi,Pri..,30065668,,,,,,
55,55,,Joy,Tan..,30718088,,,,,,
55,42,13,Mayya,Gri..,30154937,MayyaGBayAreaChess,,,,,
54,54,,Anish ,M,,AnishMBayAreaChess,,,,,
54,54,,Pradeep,Mut..,30416993,,,,,,
54,54,,Konrad,G,30292606,,,,,,
54,54,,Bohan,L,30327073,,,,,,
54,54,,Mattan,Vil..,30405507,,,,,,
54,54,,Neev,Meh..,16835210,,,,,,
54,54,,Marissa,Li..,17051878,,,,,,
54,54,,Andy Yueduo,Xu...,16732301,,,,,,
54,54,,Kaden,Sun..,30303694,,,,,,
54,54,,Advit,Kul..,30046098,,,,,,
54,54,,Ethan,Wan..,30117638,,,,,,
54,54,,Xizhe,Pen..,30491780,,,,,,
54,54,,Johan,Qui..,31724880,,,,,,
54,54,,Kadhir,S,15721954,,,,,,
54,54,,Athan,Jos..,30692775,,,,,,
54,54,,Ethan,Go..,17279627,,,,,,
54,54,,Kyle,Li..,30271548,,,,,,
54,54,,Sheldon,Xu..,16764616,,,,,,
54,54,,Heidi,Spa..,16832638,,,,,,
54,54,,Achyut Ram,Jan..,30537775,,,,,,
54,54,,Sahasra,Pot..,16501804,,,,,,
54,54,,Daisy,Leu..,16962657,,,,,,
54,54,,Kanav,Mah..,16534151,,,,,,
54,54,,Ilan,Kap..,31376455,,,,,,
54,54,,Ben,Miz..,30418703,,,,,,
54,18,36,Joseph (Joey),L,30240829,JosephLBayAreaChess,,,,,
54,18,36,Thomas,Ni..,30743726,,,,,,
54,54,,Ian ,Par..,31390922,,,,,,
54,54,,Jayden,Jin..,31148952,,,,,,
54,36,18,Keaton,Wa..,31040763,,,,,,
54,27,27,Dave ,Paruvangada,15760125,,,,,,
54,54,,Aaryan,Vis..,31594554,,,,,,
54,54,,Adit,Raj...,30399924,,,,,,
54,54,,Alfred,Dav..,31939241,,,,,,
54,18,36,Ren Logan,Wu..,31865161,,,,,,
54,54,,Raya,Mar..,31894076,,,,,,
84,42,42,Aditya,Sin...,30212892,,,,,,
54,54,,Clayton,Ho..,32392793,,,,,,
54,54,,Anirudh,Sar..,31015007,,,,,,
57,57,,Breana,Lia..,32242814,,,,,,
54,54,,Bryce,Liu..,31814929,,,,,,
66,66,,Neil,Sig..,32489954,,,,,,
54,9,45,Iraj,Rajoori,32049968,,,,,,
102,102,,Yoav,Ban..,32545900,,,,,,
54,54,,Shiv,Amd..,32391882,,,,,,
54,54,,Alex,Sun..,31645948,,,,,,
53,53,,Katherine,WY,30065065,,,,,,
53,35,18,Seiji,P,30227355,SeijiPBayAreaChess,,,,,
53,53,,Aaron ,Z,17303833,,,,,,
52,52,,Pranav,M,,PranavMBayAreaChess,,,,,
52,52,,Logeshwari,C,15778752,,,,,,
52,52,,Anders Thomas,K,16247086,,,,,,
52,52,,Casey,F,17105504,,,,,,
52,52,,Anvit,Nad..,30091535,,,,,,
52,52,,Matthew Alexander,Lau..,32164020,,,,,,
70,61,9,Divija,Sat..,30581018,,,,,,
52,16,36,Onur,Jaf..,31653896,,,,,,
52,52,,Wentao,Mia..,31208239,,,,,,
51,51,,Ethan ,X,,EthanXBayAreaChess,,,,,
51,51,,Diya,D,16497854,,,,,,
51,51,,Matthew,Y,30301346,,,,,,
51,51,,Abhinav,S,16034633,,,,,,
51,51,,Albert,Jia..,17221868,,,,,,
51,51,,Pratyush ,Bhi..,30015889,,,,,,
51,15,36,Avyukth Ganapathy,Vis..,30613480,,,,,,
51,51,,Mingyuan,Lu..,30365018,,,,,,
51,51,,Sudhiksha,Ban..,17196617,,,,,,
51,51,,Viraat,Pal..,30637215,,,,,,
51,51,,Shiven,V,15921368,,,,,,
51,51,,Brian,Pha..,30695511,,,,,,
51,51,,Advaith,V,30172822,,,,,,
51,51,,Felix ,C,,FelixCBayAreaChess,,,,,
51,51,,Vivaan,Rah..,30887601,,,,,,
51,51,,Sahaj,Mis..,31365911,,,,,,
51,6,45,Samhita,She..,31525477,,,,,,
51,51,,Liam,Chw..,30575851,,,,,,
51,51,,Solomon,H,30287540,,,,,,
57,39,18,Sharva,Sunil,30450654,,,,,,
51,51,,Rahul,Pam.,16162901,,,,,,
51,6,45,Yashraj Singh,Sawhney,30692941,,,,,,
51,15,36,Nishant,Nai..,31952957,,,,,,
90,90,,Joshua ,Cha...,31287683,,,,,,
51,42,9,Peshani,Vadlamudi,31090030,,,,,,
50,50,,Jackson Wright,Lin..,30420903,,,,,,
50,50,,Myles,Gar...,16576326,,,,,,
50,50,,Rishabh,Ven..,16981568,,,,,,
67,67,,Luna,Ya..,31968157,,,,,,
48,48,,Dexter Villareal,P,12958086,,,,,,
48,48,,Austin ,J,17144712,,,,,,
48,48,,Andrew ,Bal...,17079795,,,,,,
48,48,,Ayush,P,30235112,,,,,,
48,48,,Krishna,Gos..,32536354,,,,,,
48,48,,Samar ,RS,30044162,,,,,,
48,48,,Ethan,X,30175194,,,,,,
48,48,,Vihaan,I,30319933,,,,,,
48,48,,Evan,Sob..,31860044,,,,,,
48,48,,Ishaan,J,30037150,,,,,,
48,48,,Alan,Leu..,16807270,,,,,,
48,48,,Christopher Keith,Wil..,30451994,,,,,,
48,48,,Uppilli,Sri..,30396426,,,,,,
48,48,,Joylin,Li..,30158030,,,,,,
48,48,,Viraat,Pol..,16157346,,,,,,
48,0,48,Ragav,R,17349913,,,,,,
48,48,,Anatoliy,Tsy..,30344184,,,,,,
48,48,,Jayvanth,Sak..,30740257,,,,,,
48,3,45,Pransh,Dal..,30237804,,,,,,
48,48,,Samarth,Chin..,31229208,,,,,,
48,48,,Wes,Perriera,30599160,,,,,,
48,48,,Robby,Sum..,31353570,,,,,,
48,48,,Luke,Zho..,30600064,,,,,,
48,48,,Chris,Wan..,31471806,,,,,,
48,30,18,Yingcheng,Zha..,31168544,,,,,,
48,0,48,Vedant,A,30028824,,,,,,
48,0,48,Seowon,Jon..,31338983,,,,,,
48,48,,Jeremy,Yu..,31501087,,,,,,
48,48,,Varun Karthik,Tur..,31603312,,,,,,
48,48,,Adesh,SA,30020869,,,,,,
48,30,18,Anvi,Jai..,16758833,,,,,,
48,48,,Brody,Cha..,30492645,,,,,,
48,48,,Bhavishya,Pis..,31798569,,,,,,
48,48,,Nathan,Bao..,31262943,,,,,,
48,48,,Rishikesh,See.,31334511,,,,,,
48,48,,Amit,Gar...,31334968,,,,,,
48,48,,Anuj,Mad..,31615802,,,,,,
48,48,,Zachary,Rhi..,31643723,,,,,,
48,12,36,Sophia,Madan,31499725,,,,,,
48,48,,Prakhar,Dwi..,32006976,,,,,,
48,48,,Dhyan,Pra..,31941217,,,,,,
48,39,9,Nithilan,Pandiarajan,32304487,,,,,,
,38,,Yuriko,Kha..,32373035,,,,,,
48,48,,Lucian,Lu..,32275327,,,,,,
48,48,,Nicholas,Che..,32059238,,,,,,
48,48,,Avyan,Amr..,31562194,,,,,,
48,30,18,Stephan,Mak..,31750316,,,,,,
48,48,,Zhouxiong,Wu..,31423359,,,,,,
48,48,,Alex,Abo..,30891361,,,,,,
48,48,,Kartik,Sha..,31759687,,,,,,
48,12,36,Renesh,Sar..,17250838,,,,,,
81,81,,Celina,Lia..,32075339,,,,,,
47,47,,Rohit,Upm..,30551561,,,,,,
46,46,,Stanislav,G,30131681,,,,,,
46,46,,Gogo,DP,17151222,,,,,,
46,46,,Jayden David,L,30137668,,,,,,
46,46,,Kaleb ,E,16068547,KalebEBayAreaChess,,,,,
46,46,,Danny,Thi..,30172775,,,,,,
46,46,,Sahasra,Ban..,31339668,,,,,,
45,45,,Oscar ,X,,OscarXBayAreaChess,,,,,
45,45,,Max,Guo,16256115,,,,,,
45,45,,Suhas,I,16887781,,,,,,
45,45,,Ari,Z,16235234,,,,,,
45,45,,Rehan ,F,17095465,RehanFBayAreaChess,,,,,
45,45,,Gavin,P,16605660,,,,,,
45,45,,Michael,Bod..,13014987,,,,,,
45,45,,Srimann,Sat..,16037110,,,,,,
45,45,,Bryant Benjamin,Sea..,30268062,,,,,,
45,45,,Zerui,M,16959455,,,,,,
45,45,,Ethan,L,30204785,,,,,,
45,45,,Ashwin,M,16548496,,,,,,
45,45,,Anish,Nal..,16969295,,,,,,
45,45,,Daisie,Y,30217732,,,,,,
45,45,,Nabil,Raj..,16134756,,,,,,
45,45,,Arman,A,13979021,,,,,,
45,45,,Rehaan,Mal..,30118209,,,,,,
45,45,,Yuv,V,30260532,,,,,,
45,45,,Brian,Hii..,30492673,,,,,,
45,45,,Kyrie,Li,30901523,,,,,,
45,45,,Tigran,Gha..,16320286,,,,,,
45,45,,Zidaan,Bar..,16535374,,,,,,
45,45,,Aathyandh,Sri..,16827837,,,,,,
45,45,,Suhaansai,Tha..,16988384,,,,,,
45,45,,Agilan Samuel,Sad..,31178981,,,,,,
45,45,,Sai Siddharth,Kol..,30428185,,,,,,
45,45,,Vachan,Van..,31209174,,,,,,
45,45,,Sudarsan,Gov..,16281908,,,,,,
45,45,,Aneesh,Pin..,30715255,,,,,,
45,45,,Ryan,Vai..,17219090,,,,,,
45,45,,Shrish,Kar..,30304957,,,,,,
45,45,,Jeremy,Hu..,30680325,,,,,,
45,45,,Shrehan,Cha..,31301993,,,,,,
45,45,,Arnav,Sol..,17276057,,,,,,
45,27,18,Vihaan,Chi..,31353683,,,,,,
45,6,39,Vivaan ,Pav..,30203278,,,,,,
45,9,36,Adrit,Nud..,30217750,,,,,,
45,45,,Aarav,Gup..,30860038,,,,,,
45,45,,Atharv,Dha..,31624763,,,,,,
45,45,,Sravya,Now..,30152307,,,,,,
45,45,,Derek ,Wan..,31905693,,,,,,
45,45,,Vibodh,Pis..,30335221,,,,,,
45,45,,Alexavier,Tro..,31591395,,,,,,
45,45,,Janani,Jeg..,17291363,,,,,,
45,45,,Vivaan,Loiwal,32080853,,,,,,
45,45,,Keshav,Cha..,30693255,,,,,,
45,45,,Sharvil,Gov..,30678271,,,,,,
45,45,,Vihaan,Pha..,31899586,,,,,,
45,45,,Rayansh,Sha..,30639484,,,,,,
45,45,,Siddarth,Amu..,32341954,,,,,,
45,45,,Lucas,Sho..,30638154,,,,,,
45,27,18,Rishith,Yen..,32393290,,,,,,
45,45,,Viaan,Rai..,30209467,,,,,,
93,84,9,Damien,Lo,32565821,,,,,,
123,105,18,Vincent Zhai,Lor...,32414292,,,,,,
44,44,,Caleb ,Leo..,30207849,,,,,,
44,44,,Patrick,Mar..,30414655,,,,,,
44,44,,Noah,Kan..,30971500,,,,,,
43,43,,Pratyush ,B,,PratyushBBAC,,,,,
43,43,,Evan ,H,16268894,EvanHBayAreaChess,,,,,
43,43,,Srihan,Kon..,17223927,,,,,,
43,7,36,Ashwath ,N,30074115,AshwathNBAC,,,,,
43,43,,Sicheng,Ao..,30287271,FlameDragon965 ,,,,,
42,42,,Ashkan,DZ,30207241,,,,,,
42,42,,Joseph,M,16857623,,,,,,
42,42,,Aditya,Chi...,16695036,,,,,,
42,42,,Louie,Lee...,31748669,,,,,,
42,42,,Neel,G,30176757,,,,,,
42,42,,Jesus,Gon...,30301321,,,,,,
42,42,,Neil,T,30160695,,,,,,
42,42,,Jay,Pha..,30220271,,,,,,
42,42,,Advait,Shi..,17165876,,,,,,
42,42,,Felix ,Cas..,16876320,,,,,,
42,42,,Stimit,Sha..,30537790,,,,,,
42,42,,Justin,Zha..,30293921,,,,,,
42,42,,Jacob ,D,30260549,,,,,,
42,42,,Moon,Liu..,30462456,,,,,,
42,42,,Jai,S,16534172,,,,,,
42,42,,Xianyao,H,16043327,,,,,,
42,42,,Aidan,Oky..,15616516,,,,,,
42,42,,Dev,Nar..,32002784,,,,,,
42,42,,Amulya,Med..,30035527,,,,,,
42,42,,Christopher,Lar..,31485821,,,,,,
42,42,,Vir,Chh..,30638499,,,,,,
42,42,,Raymond,Liu..,31430334,,,,,,
42,42,,Zikun,Yan..,30676540,,,,,,
42,42,,Nathan,Jac..,16717744,,,,,,
42,42,,Angela,Wan..,30598637,,,,,,
42,42,,Arnav Shreyash,Sin...,30053863,,,,,,
42,42,,Haasini,Kol..,30428172,,,,,,
42,42,,Roger,Che..,16937173,,,,,,
42,42,,Suprateek,Kot..,30965391,,,,,,
42,42,,Daniil,Iak..,31259843,,,,,,
42,42,,Kritin,Agr..,32549101,,,,,,
42,42,,Clara,Cruz..,31216091,,,,,,
42,42,,Ishaan,Shr..,17329031,,,,,,
42,42,,Shantanu,Niy..,32540668,,,,,,
42,42,,Eduardo,Li-Ley..,30577685,,,,,,
42,42,,Warren,Kon..,31163615,,,,,,
42,3,39,Ishaan,Gar...,16692538,,,,,,
42,42,,Akshay,Lak..,30684318,,,,,,
42,6,36,Amit,Anb..,31474739,,,,,,
42,6,36,Keshav,Hari,31376829,,,,,,
42,42,,Ryan,Wan..,30528640,,,,,,
42,42,,Charles,Kom..,31689240,,,,,,
42,42,,Roi,Wei..,31209632,,,,,,
42,42,,Vishwath,Sri..,16418200,,,,,,
42,42,,Noah Jonathan,Cha..,31275904,,,,,,
42,6,36,Maxim,Shvets,31900749,,,,,,
42,42,,Amogh,Cha..,30664530,,,,,,
42,42,,Achuth,Vin.,31379517,,,,,,
42,33,9,Shreyansh,Sun...,31502036,,,,,,
42,42,,Sophia,Yu..,31281305,,,,,,
54,54,,Tara,Kri..,30799381,,,,,,
42,24,18,Ahaan,Jain,31453870,,,,,,
42,42,,Ethan,Zhu..,31696017,,,,,,
42,42,,Rohan ,Dha..,31645965,,,,,,
69,-3,72,Emil,Osan,32026568,,,,,,
42,42,,Keshav,Agg..,31947998,,,,,,
60,51,9,Aarush,Anb..,31850825,,,,,,
60,60,,Anthony,Zav..,32028418,,,,,,
42,42,,Rishaan,Kri..,30579212,,,,,,
42,6,36,Sundaresh,Nar..,32497291,,,,,,
42,6,36,Srinivasan,Sri..,32366254,,,,,,
42,42,,Zachary,Lau.,31472485,,,,,,
45,3,42,Parth,Des..,32159388,,,,,,
42,42,,Connor,Kim..,31381853,,,,,,
42,24,18,Janssen,Sut..,31670941,,,,,,
41,38,3,Kai,Raj..,31189801,Kai-Scientist-BAC,,,,,
41,41,,Avaan,B,31864390,AvaanBBayAreaChess,,,,,
40,40,,Jason ,F,,JasonFBayAreaChess,,,,,
40,40,,Akilesh,Sad..,30416911,,,,,,
40,40,,Aradhana,A,16325318,,,,,,
40,40,,Guilherme,Boe..,30273591,,,,,,
40,40,,Maksym,Zad..,17111597,,,,,,
40,40,,William ,Lyl..,20011248,,,,,,
40,40,,Joseph ,Rog..,30245428,,,,,,
40,40,,Travis ,Barton,30166227,,,,,,
40,40,,Scott,Liu...,31371030,,,,,,
39,39,,Samuel,P,30174826,,,,,,
39,39,,Sreyas,P,17099557,,,,,,
39,39,,Andrew ,X,17093521,,,,,,
39,39,,Anusha ,Muk..,16454747,,,,,,
39,39,,Rafael,F,30032276,,,,,,
39,39,,Daniel ,TV,17066495,,,,,,
39,39,,Muradhan,Sab..,30028106,,,,,,
39,39,,Anantiga,R,16918785,,,,,,
39,39,,Anirudh,K,30184513,,,,,,
39,39,,Arnav ,D,30275757,,,,,,
39,39,,Ryan ,Jin..,30462467,,,,,,
39,39,,Aiden Yu,Zha..,30142650,,,,,,
39,39,,Sohum,U,16407441,,,,,,
39,39,,George ,X,,GeorgeX-FTBAC,,,,,
39,39,,Chayan,Man..,30197551,,,,,,
39,39,,Akanksha,Pan...,30464021,,,,,,
39,39,,Vedant,Gar...,30316951,,,,,,
39,39,,Jonathan,Cas..,16763064,,,,,,
39,39,,Andrew ,Don..,30677641,,,,,,
39,3,36,Tapas Aarav,Nat..,17303765,,,,,,
39,3,36,Anusha,Nat..,30240656,,,,,,
39,39,,Yichen,Wu..,30649020,,,,,,
39,39,,Saanica,San..,30220603,,,,,,
39,39,,Derek ,He..,30093780,,,,,,
39,39,,Adrika,Kas..,16778931,,,,,,
39,39,,Shreya,Mun..,16293311,,,,,,
39,39,,Pinak,Pal..,30180447,,,,,,
39,39,,Ben,Ser..,30953945,,,,,,
39,39,,Ayush,Sha..,31447575,,,,,,
39,39,,Jayden ,W,30187782,,,,,,
39,30,9,Yulan,Wan..,30518588,,,,,,
39,39,,Alexander ,H,17263470,,,,,,
39,21,18,Pratheet,Jos..,30212808,,,,,,
39,39,,Evan,Par..,30497580,,,,,,
39,39,,Ali,Alm..,17059168,,,,,,
39,39,,Sriya,Kri..,31496079,,,,,,
39,21,18,Alexander,LI,31579442,,,,,,
39,39,,Shreyas,Kha..,30969469,LeanMintyMoose,,,,,
39,39,,Yuheng,Wu..,30902873,,,,,,
39,39,,Anish Chandra,Dha..,31579456,,,,,,
39,39,,Amogh,Des..,30811194,,,,,,
39,39,,Eric ,Che..,31376220,,,,,,
39,18,21,Eshaan,Pun...,31336288,,,,,,
39,3,36,Advait,Bat..,16465334,,,,,,
39,12,27,Austin ,Ngy..,31569549,,,,,,
39,39,,Yuvraj,Sin...,30812738,,,,,,
60,60,,George,Che..,31928016,,,,,,
50,50,,Reyansh,Kas..,32175256,,,,,,
39,39,,Zubin,Pen..,30688327,,,,,,
69,69,,Blake,Din..,32289546,,,,,,
54,54,,Siddhant ,Nai...,32306587,,,,,,
39,39,,Ivaan,Yad..,32391211,,,,,,
39,39,,Zachary,Hsu.,31900112,,,,,,
108,108,,Agastya,Gan..,31990799,,,,,,
39,3,36,Yuva,Bai..,32140211,,,,,,
55,55,,Andrew ,Li..,32502095,,,,,,
60,60,,Dhruv,Gou..,31960539,,,,,,
39,39,,Reyaansh,Man..,32294368,,,,,,
42,42,,Preston,Kyo..,32419395,,,,,,
38,38,,Carolina,S,30551639,CarolinaS-FTBAC,,,,,
37,37,,Arthur ,Wan..,30078055,ArthurWBayAreaChess,,,,,
37,37,,Henry ,Cla..,30350495,,,,,,
37,37,,Derek ,Cha..,30020006,DerekCBayAreaChess,,,,,
37,37,,Calvyn,Chu..,30242860,CalvynCBAC,,,,,
36,36,,Alex,T,30174835,,,,,,
36,36,,Josh,G,30174037,,,,,,
36,36,,Marcin,S,30184505,,,,,,
36,36,,Daniel ,G,16611835,,,,,,
36,36,,Sahana,Kar...,32168766,,,,,,
36,36,,Kasper,H,16010238,,,,,,
36,36,,Ikshvaku,S-K,16221998,,,,,,
36,36,,Ethan,Yan..,31533158,,,,,,
36,36,,Daksh,V,30267121,,,,,,
36,36,,Parthiv Kumar,M,16906012,,,,,,
36,36,,Rowan,L,16941535,,,,,,
36,36,,Adrian de la Rosa,Bre..,30344378,,,,,,
36,36,,Aditya,D,30227332,,,,,,
36,36,,Aavi,B,16223712,,,,,,
36,36,,Saket ,Pur..,30409458,,,,,,
36,36,,Rishan,Kay..,30407160,,,,,,
36,36,,Aayan,Pad..,17310893,,,,,,
36,0,36,Keshav,Agr..,31962118,,,,,,
36,36,,Jacob,Gol..,30414358,,,,,,
36,36,,Shreyas,Rac..,30365427,,,,,,
36,36,,Che-Hsi Jesse,Hsu..,30464887,,,,,,
36,36,,Joseph,Z,17072750,,,,,,
36,36,,Matthew,Wes..,30366135,,,,,,
36,36,,Akshita,Sud..,30267152,,,,,,
36,36,,Adam,Ste..,30508143,,,,,,
36,36,,Taylor,X,30227788,,,,,,
36,36,,Tim,Fre..,13212258,,,,,,
36,36,,Bryce,Cha..,30379525,,,,,,
36,36,,Michael,Tan..,16261602,,,,,,
36,36,,Aryan,Jos..,30550348,,,,,,
36,36,,Anthony,Che..,31838152,,,,,,
36,36,,Shrinidhi,Iva..,17192641,,,,,,
36,36,,Paramdeep,Sin...,30214394,,,,,,
36,36,,David,Ron..,30650705,,,,,,
36,36,,Shrithan,Dag..,30731354,,,,,,
36,36,,Ken,Kun..,30740234,,,,,,
36,36,,Ayden,Wan..,30427645,,,,,,
36,36,,Aaron ,Tsa...,30310204,,,,,,
36,36,,Pranav,Pas..,30703312,,,,,,
36,36,,Shiqi,Dai..,30952859,,,,,,
36,36,,Akshara,Aru..,30106802,,,,,,
36,36,,Abigail,Chi..,16447447,,,,,,
36,36,,Omeed,Hod..,30606146,,,,,,
36,36,,Arav,Mun..,16640722,,,,,,
36,36,,Ishman,Gog..,30731138,,,,,,
36,36,,Teejas,Adu..,31273906,,,,,,
36,36,,Adrian,Lef..,31190172,,,,,,
36,36,,Angelina,Lee..,30958761,,,,,,
36,36,,John Carter,Kem..,31391847,,,,,,
36,36,,Naga,Ponn..,17010328,,,,,,
36,36,,Prateek,Gha..,30243401,,,,,,
36,36,,Nihal,Kap..,17254696,,,,,,
36,36,,Clara,Zha..,31540433,,,,,,
36,24,12,Pujith,Reddy,17107983,,,,,,
36,18,18,Matvei,Kostin,31631907,,,,,,
36,0,36,Neil,K,16246077,,,,,,
36,0,36,Udbhav,Tan..,30976057,,,,,,
36,0,36,Arjun,Gar...,30994290,,,,,,
36,27,9,Ronav,Tirumala,31334234,,,,,,
36,36,,Bertrand,Jua..,15739208,,,,,,
36,36,,bridgette,Ram...,30608666,,,,,,
36,-9,45,Ishaq,Mohammed,16960012,,,,,,
36,36,,Steve,Zhu..,31106687,,,,,,
36,36,,Sascha,Den..,30773399,,,,,,
36,36,,Brock,Bak..,16893914,,,,,,
36,0,36,Mason,Buettner,31879065,,,,,,
36,0,36,Cayden,La,31562200,,,,,,
36,18,18,Rishi,Verma,31677790,,,,,,
36,36,,Kai Alex,Goe..,31208395,,,,,,
36,36,,Venkat ,Bhi..,31910225,,,,,,
36,36,,Albert,Hua...,31699541,,,,,,
36,36,,Prithviraj,Sin...,17088893,,,,,,
36,36,,Andrew Lincoln,Che..,30439885,,,,,,
36,36,,Imran,Kha..,32012979,,,,,,
36,36,,Albert,Li..,30679404,,,,,,
36,36,,Ryan ,Li..,30514929,,,,,,
36,36,,Venkata,Yan..,30768443,,,,,,
36,36,,Raghav,Dub..,31539051,,,,,,
36,36,,Alena,Nar..,30765731,,,,,,
36,36,,Raam,Pra..,31621869,,,,,,
36,36,,Ayush,Sha..,32149208,,,,,,
36,36,,Anders,Sia..,32176588,,,,,,
36,36,,Alan,Yu..,17034498,,,,,,
36,36,,Zihe,Zha..,31705698,,,,,,
36,36,,Owen,Fu..,32383250,,,,,,
36,36,,Zelan,Fan..,30629764,,,,,,
36,36,,Adrel,Cou..,32084609,,,,,,
36,36,,Oliver,Yu..,31401206,,,,,,
36,36,,Sreejith,Mur..,30528324,,,,,,
36,-3,39,Herish,Tar..,31569399,,,,,,
36,36,,Joshua ,Cru..,32475405,,,,,,
36,36,,Rino,Kim..,32305841,,,,,,
36,18,18,Ishva,Kishore,31204021,,,,,,
42,24,18,Elamaaran,Kat..,32098998,,,,,,
36,36,,Junhan,Xia..,32234093,,,,,,
36,36,,Veer,Tig..,32416307,,,,,,
36,36,,Nirav,Mog..,32204036,,,,,,
39,21,18,Kiaan,Kar..,32437277,,,,,,
39,39,,Devarsh,Nal..,32056115,,,,,,
62,62,,Rachit,Gol..,32500873,,,,,,
36,36,,Jonathan,Che..,32703116,,,,,,
35,35,,Yatharth,S,30226814,,,,,,
35,35,,Anish,Nag..,16976202,,,,,,
35,35,,Kubraa,Ado..,17225066,,,,,,
35,35,,Sivaneyan,Viv..,15894352,,,,,,
35,35,,Shaunak,Mar..,30121223,,,,,,
35,35,,Igor,Reb..,30382479,,,,,,
35,35,,Dave,E,16427052,DaveEBayAreaChess,,,,,
34,34,,Elizabeth,WY,30065057,,,,,,
34,4,30,Ronit,S,14964248,,,,,,
34,34,,Robert,Tur..,12407483,,,,,,
33,33,,Caleb ,K,30201773,,,,,,
33,33,,Joshua ,Q,16742471,BronzeFossil,,,,,
33,33,,Alex,S,30140982,,,,,,
33,33,,Michael ,X,17093563,,,,,,
33,33,,Adrian,Yan..,30311647,,,,,,
33,33,,Elliot,P,30174604,,,,,,
33,33,,Ishaan,G,30229531,,,,,,
33,33,,Arsh,S,30062910,,,,,,
33,33,,Brett,L,30310211,,,,,,
33,33,,Liam,Car..,,LiamCBayAreaChess,,,,,
33,33,,Veer,Meh..,17253776,,,,,,
33,33,,Samar ,I,30319923,,,,,,
33,33,,Mehmet ,Gel..,30026431,,,,,,
33,33,,Hamdanil,Ras..,30466276,,,,,,
33,33,,Luka,Kur..,30587434,,,,,,
33,33,,Jongwon,Lee..,15246928,,,,,,
33,33,,Braden,Kel..,30647686,,,,,,
33,33,,Arin,Rao..,30607408,,,,,,
33,33,,Sunay,Rao..,16538751,,,,,,
33,33,,Annesha,Kar..,30201596,,,,,,
33,33,,Rohan ,Nih..,30036092,,,,,,
33,33,,Leo,Che..,30141602,,,,,,
33,33,,Niraj,Moh...,30500869,,,,,,
33,33,,Ivan,Yi..,30393379,,,,,,
33,33,,Samar,Bho..,17168813,,,,,,
33,33,,Eric ,Jia..,30119575,,,,,,
33,33,,Ruizhe,Li..,31387653,,,,,,
33,33,,Ushoshi,Das..,17101213,,,,,,
33,15,18,Lasvith,Chi...,31523421,,,,,,
33,6,27,Safiya,Ahm..,30545078,,,,,,
33,33,,Maxim Paul,Den..,30753475,,,,,,
33,15,18,Ivan,Pershin,30845445,,,,,,
33,15,18,Arjun,S,30203543,,,,,,
33,15,18,Arham,Jai..,30614856,,,,,,
33,33,,Satvik,Mar..,31427822,,,,,,
33,33,,Ethan,Lyo..,31879330,,,,,,
33,33,,Radhakrishna,San...,31484095,,,,,,
33,33,,Saanvi,Rat..,31890581,,,,,,
33,24,9,Alex,Pan...,31493307,,,,,,
33,33,,Sashvat,Vas..,32108446,,,,,,
33,21,12,Nimal,Ramakrishnan,32078630,,,,,,
33,33,,Vihaan,Pat..,30622673,,,,,,
33,33,,Samuel,Orl..,31642684,,,,,,
33,33,,Vinayak,Vik..,31007663,,,,,,
33,33,,Kevin,Den..,31761671,,,,,,
33,30,3,Aarav,Rai..,30976204,,,,,,
33,33,,Anirudh,Man..,30526765,,,,,,
249,249,,Vik,MR,31664870,,,,,,
36,36,,Ronav,Sin...,30551606,,,,,,
33,33,,Reyansh,Pha..,31048274,,,,,,
33,33,,Bhavya,Gol..,31918205,,,,,,
86,26,60,Alex,Chai,15817536,,,,,,
32,32,,Akshay,P,15801001,,,,,,
32,32,,Samuel,Para..,30018234,SamPBayAreaChess ,,,,,
31,31,,Ethan,Lou..,,Big_E,,,,,
31,31,,Calder ,L,,CalderLBayAreaChess,,,,,
30,30,,Advik ,G,16429697,,,,,,
30,30,,Hansika,K,15874646,,,,,,
30,30,,Stanley,Liu...,15738357,,,,,,
30,30,,Vaibhav,S,30192493,,,,,,
30,30,,Chloe J,W,16841564,,,,,,
30,30,,Darren,Z,16629508,,,,,,
30,30,,Vishwesh,C,16432581,,,,,,
30,30,,Warren,Z,16695063,,,,,,
30,30,,Keith,L,16400370,,,,,,
30,30,,Aryan,Sri..,30287702,,,,,,
30,30,,Anish ,Roy...,16991021,,,,,,
30,30,,Matthew,M,16098087,,,,,,
30,30,,Jack ,Wil..,,AirySqueekyCanoe,,,,,
30,30,,Brian,Fau..,30318014,,,,,,
30,30,,Joshua ,Lee...,16801938,,,,,,
30,30,,Shane,Rei..,30257899,,,,,,
30,30,,Alexander ,Rie..,30208360,,,,,,
30,30,,Finnegan,Per..,32431762,,,,,,
,51,,Mia ,Jia..,32849140,,,,,,
30,30,,Ethan,Geo..,30356892,,,,,,
30,30,,Shivam,Pra..,16673648,,,,,,
30,30,,Yash,Gup..,15464440,,,,,,
30,30,,Anya,Gup..,16418503,,,,,,
30,30,,Andrey,Wil..,30594875,,,,,,
30,30,,Arjun,Mad..,31493313,,,,,,
30,30,,Ekam,D,15754603,,,,,,
,60,,Kyle,Kuo..,31543079,,,,,,
30,30,,Rishi,Tho..,15700214,,,,,,
30,30,,Kevin Chenkai,Yan..,30632590,,,,,,
30,30,,Evan,Tun..,16551092,,,,,,
30,30,,Xuli,Dai..,15931956,,,,,,
30,30,,Neil,Moh..,30242166,,,,,,
30,30,,Aahna,Tho..,30280471,,,,,,
30,30,,Aadhya,Ath..,30638165,,,,,,
30,30,,Ben,Hun..,30701674,,,,,,
30,30,,Mingyuan,Son..,30581951,,,,,,
30,30,,Kartik Rajan,Bha..,30667187,,,,,,
30,30,,Marc,Gab..,30649035,,,,,,
30,30,,Heet Pranav,Sha..,30665194,,,,,,
30,12,18,Reyansh,Nut..,30446146,,,,,,
30,30,,Ryan,Mil..,30633277,,,,,,
30,30,,Ved,Vya..,30731321,,,,,,
30,30,,Vyomesh,Vij..,30922619,,,,,,
30,30,,Harsh,Kar..,30461207,,,,,,
30,0,30,Mehul,V,30187203,,,,,,
30,30,,Hemanth,Mer..,16785985,,,,,,
30,30,,Pranav,Kar..,30560065,,,,,,
30,30,,Carter,Uye..,30958904,,,,,,
30,30,,Yijia,Che..,31094887,,,,,,
30,30,,Reyansh,Par..,17254701,,,,,,
30,30,,Mohan,Gan..,30082329,,,,,,
30,30,,Allan,Mo..,31004543,,,,,,
30,30,,Arjunsai,Nav..,30250735,,,,,,
30,30,,Aveer,Bal..,31290864,,,,,,
30,30,,Zachary,Jec..,31263379,ZacharyJFTBAC,,,,,
30,30,,Pranav,Duv..,31275750,,,,,,
30,30,,Aarush,Noo..,31276009,,,,,,
30,30,,Soumil,Sho..,17080744,,,,,,
30,30,,Johann,Qiu..,31385131,,,,,,
30,30,,Arjun,Sah..,31441405,,,,,,
30,30,,Vikram,Kup..,31342205,,,,,,
30,30,,Vidhur,Han..,31229337,,,,,,
30,30,,Avi,Raj..,31366450,,,,,,
30,12,18,Shan,Ramesh Lee,16920675,,,,,,
30,0,30,Sarvagnya,Bra..,16466227,,,,,,
30,12,18,Varin,Agr..,30573714,,,,,,
30,12,18,Vihaan,Pac...,30417949,,,,,,
30,3,27,Arya ,Bha..,31037371,,,,,,
30,3,27,John,Joji,31523409,,,,,,
30,30,,Pranav,SB,16252112,,,,,,
30,30,,Fiona,Hu..,31095218,,,,,,
30,30,,Aditya,Ram...,30660339,,,,,,
30,30,,Shubham,Sal..,31114286,,,,,,
30,12,18,Rubeina,Nazirudeen,30857167,,,,,,
30,30,,Sanvi,Paw..,30098379,,,,,,
30,12,18,Benjamin ,Li,31781453,,,,,,
33,15,18,Anirudh,Prabu,31128148,,,,,,
30,30,,Logan ,Gre.,16763676,,,,,,
30,30,,Aadhav,Aru..,16932051,,,,,,
30,30,,Haaris,Che..,31028149,,,,,,
30,30,,Graham,Run..,31972158,,,,,,
30,21,9,Tanish,Mane,31951157,,,,,,
30,30,,Thomas,Che..,31091549,,,,,,
30,27,3,Ary,Che...,31430870,,,,,,
30,30,,Shankar,Mah..,17297300,,,,,,
30,30,,Ash Bowen,Lia..,32020572,,,,,,
36,0,36,Moukthika,San..,32041051,,,,,,
30,30,,Rishit,Bat..,32307650,,,,,,
30,30,,Om,Mah..,30667337,,,,,,
30,3,27,Vishruth,Rai,31475801,,,,,,
30,9,21,John Alexander,Con..,32270023,,,,,,
30,30,,Aryaman,Bha..,17148228,,,,,,
30,3,27,Jason,Yan..,31388881,,,,,,
30,-6,36,Chloe,Che..,32481281,,,,,,
30,30,,Pranav,Pra..,31293341,,,,,,
30,18,12,Venkata,Chilluri,32354937,,,,,,
30,30,,Brayden,Cas..,32293438,,,,,,
30,30,,Leander,Eva..,16966713,,,,,,
33,3,30,Nora,Liang,3,,,,,,
36,27,9,Nathaniel,Cheng,31621244,,,,,,
45,27,18,Virshan,Aru..,32687448,,,,,,
39,36,3,Yuvan,Bansod,31807770,,,,,,
30,30,,Saiid,"M""Ba",32527077,,,,,,
51,6,45,Kishan,Kar..,32548984,,,,,,
29,29,,Lachlan,Joh..,,LachlanJBayAreaChess,,,,,
29,29,,Avery,Xu..,30666234,AveryX_InfiniteSwing ,,,,,
29,29,,Pramit,Sen..,32528335,,,,,,
28,28,,Ethan ,Yan..,,EthanYBAChess,,,,,
28,1,27,Nikita,Iye..,,NikitaIBayAreaChess,,,,,
28,0,28,Neel,Nith..,31956877,,,,,,
28,28,,Blake,Chr..,31647209,,,,,,
28,28,,Asher,Lin..,32543356,,,,,,
28,28,,Nathan,Mam..,30559274,,,,,,
28,28,,Dylan,Gao..,31809407,,,,,,
27,0,27,Neil,Iye..,,NeilIBayAreaChess,,,,,
27,27,,Netra,T,15075406,,,,,,
27,27,,Varun,G,30196692,,,,,,
27,27,,Zachary,C,17003385,,,,,,
27,27,,Jordan,DL,30287691,,,,,,
27,27,,Rithik,Gan..,17293416,,,,,,
27,27,,David,G,16758854,,,,,,
27,27,,Cameron ,R,16737417,,,,,,
27,27,,David,J,17168834,,,,,,
27,27,,Hridhaan,Pav..,30239594,,,,,,
27,27,,Zack,Sch..,30179651,,,,,,
27,27,,Chetan Sai,Epu..,30402416,,,,,,
27,27,,Artis,Lay..,15753292,,,,,,
27,-9,36,Banks,B,30175646,,,,,,
27,27,,Eric ,Liu..,17204755,,,,,,
27,27,,Ethan,Cha..,30615901,,,,,,
27,27,,Raphael,Leu..,16203196,,,,,,
27,27,,Chaitanya,A,17041028,,,,,,
27,27,,Saimeet,Rah..,30573248,,,,,,
27,27,,Aditya,Vul..,16888831,,,,,,
27,27,,Arjun,Pha..,30778753,,,,,,
27,27,,Ali,Akc..,16930624,,,,,,
27,27,,Gautham,Ram...,30036082,,,,,,
27,27,,Shreyus,San..,16548501,,,,,,
27,27,,Andres,Ara..,30970429,,,,,,
27,27,,Jayash ,Pat..,16676387,OpenCoolHear,,,,,
27,27,,Lina,V,16320271,,,,,,
27,27,,Levi,Ser..,30901499,,,,,,
27,27,,Zhiyan,Bu..,31190035,,,,,,
27,27,,Mukundh,Ara..,31468273,,,,,,
27,15,12,Aarush,Kon....,31523434,,,,,,
27,6,21,Jax,K,,JaxKBayAreaChess,,,,,
27,27,,Riansh,Cha..,31386023,,,,,,
,54,,Azad,Zah..,32242866,,,,,,
27,27,,Praneel,Ven..,16590926,,,,,,
27,-9,36,Agastya,Tha..,31128194,,,,,,
27,27,,Rylan,Zha..,16963948,,,,,,
27,27,,Syona,"Vor,,",31255231,,,,,,
27,9,18,Manvik,Kun..,17312245,,,,,,
27,27,,Jacob,Sek..,31765974,,,,,,
27,18,9,Anaiah,N,31786796,,,,,,
27,27,,Saleh,Alm..,30072885,,,,,,
27,27,,Aaditya,Kam..,31698711,,,,,,
27,27,,Sehj,Bes..,31989465,,,,,,
39,3,36,Haris,Sha..,30423398,,,,,,
27,9,18,Mahatru,Gon..,30634634,,,,,,
27,27,,Tinston,Wan..,32227729,,,,,,
27,27,,Kavish,Kha..,31893114,,,,,,
27,27,,Kendall,Poo..,17336310,,,,,,
27,9,18,Charvik,Von..,31395941,,,,,,
27,18,9,Sophia,Rah..,32512821,,,,,,
75,75,,Aarit,Pur..,31928914,,,,,,
33,33,,Arin,Adi..,32699462,,,,,,
39,39,,Julian Douglas,Rod..,32489207,,,,,,
27,24,3,Hridaan,Oza,32241986,,,,,,
27,27,,Surya,Set..,32396704,,,,,,
26,26,,Emrys,D,,Emrysaurus,,,,,
26,26,,Arwen ,W,,ArwenW-FTBAC,,,,,
26,26,,Rithvik,Ven..,17315581,,,,,,
26,26,,Aaron ,Tsa...,30288102,AaronTBayAreaChess,,,,,
26,26,,Gavin,Che..,32592509,,,,,,
25,25,,Sarah,Mar..,15450811,,,,,,
25,25,,Andrew ,Gre..,30413801,,,,,,
25,25,,Suresh,Nag..,30423749,,,,,,
25,25,,Jasper ,Bod..,30408722,,,,,,
25,25,,Morgan,Fal..,30409410,,,,,,
25,25,,Harrison,Lim..,30250338,,,,,,
24,24,,Alex,M,30251232,,,,,,
24,24,,Marvin,TY,30187068,,,,,,
24,24,,Sean Han,W,16802870,,,,,,
24,24,,Pierce,H,,CoolCorgi17,,,,,
24,24,,Daniel ,W,30031636,,,,,,
24,24,,Timothy,XX,30217726,,,,,,
24,24,,Rohan ,K,15191740,,,,,,
24,24,,Bhuvana,T,16689342,,,,,,
24,24,,Nishchay,J,16551353,,,,,,
24,24,,Siddharth,Som...,30310238,,,,,,
24,24,,Manas,G,30275736,,,,,,
24,24,,Timur,Dzh..,30335233,,,,,,
24,24,,Hanchi,Yao..,16512998,,,,,,
24,24,,Haofang,Zhu..,16171382,,,,,,
24,24,,Siddharth ,Nan..,14721314,,,,,,
24,24,,Ashin,M,30217624,,,,,,
24,15,9,Jason,Li..,31844901,,,,,,
24,24,,Georgii,Lep..,31449719,,,,,,
24,24,,Raghav,Mur..,15689870,,,,,,
24,24,,Jordan,Lee..,31749960,,,,,,
24,24,,Emily,Z,17125513,,,,,,
24,24,,Alexandre,Spa..,30417018,,,,,,
24,24,,Niam,Mal..,30418875,,,,,,
24,24,,Jenny,Qi..,17050786,,,,,,
24,24,,Alexander ,Li..,15843203,,,,,,
24,24,,Surya,Van..,31016727,,,,,,
24,24,,Marcus,Lau..,15927216,,,,,,
24,24,,Eric ,C,30071401,,,,,,
24,24,,Zhongee,Yao..,16681015,,,,,,
24,24,,Alexander ,Ros..,30591996,,,,,,
24,24,,Mo,Liu..,31224649,,,,,,
24,24,, Shlok J,K,30055831,,,,,,
24,24,,Shreyshtaa,Kri..,30452740,,,,,,
24,24,,Ananth,Aru..,30020705,,,,,,
24,24,,Aanya,Sha..,30565060,,,,,,
24,24,,Zach,Ham..,30652187,,,,,,
24,24,,Ayan Agastya,Nak..,30624663,,,,,,
24,24,,Vikrath,A,17195038,,,,,,
24,24,,Omri Martin,Lev..,30097377,,,,,,
24,24,,Rohan ,Das..,30688281,,,,,,
24,24,,Elijah,Rod..,30685193,,,,,,
24,24,,Ethan,Ma..,30021432,,,,,,
24,24,,Param,Rav..,30669793,,,,,,
24,24,,Zelin,Fan..,17083043,,,,,,
24,24,,Rishan,Ban..,30316944,,,,,,
24,24,,Oisin,Har..,12925799,,,,,,
24,24,,Son,Ngy..,30660544,,,,,,
24,24,,Saathvik,Koo..,16198765,,,,,,
24,24,,Vihaan,Vin..,30404127,,,,,,
24,24,,Kevin,Ull..,16398363,,,,,,
24,24,,Aaryan,Raw..,16546965,,,,,,
24,24,,Joel,Rom..,30762233,,,,,,
24,24,,Ezekiel,Mcc..,15206717,,,,,,
24,24,,Akilesh,Kum..,30618763,,,,,,
24,24,,Neil,Sum..,30815556,,,,,,
24,24,,Harshateja,Var..,30740243,,,,,,
24,24,,Aaron,Chi..,31030920,,,,,,
24,24,,Ryan,Ama..,31163880,,,,,,
24,24,,Alex,Ngy..,31211179,,,,,,
24,24,,Maulik,Ras..,30087899,,,,,,
24,24,,Arnav ,Goy..,30305475,,,,,,
24,24,,Vedant,Bap..,31404417,,,,,,
24,24,,Elena,Pan...,30492712,,,,,,
24,24,,Rishi,Sha..,31427686,,,,,,
24,24,,Rohan ,Lam..,30784354,,,,,,
24,24,,Ethan,Hua...,30630433,,,,,,
24,24,,Sreya,Bha..,31408330,,,,,,
24,24,,Arnav ,Meh..,30753307,,,,,,
24,24,,Naga Sandeep,Chi..,30653349,,,,,,
24,24,,Adhyan,Ban..,30249765,,,,,,
24,15,9,Leo,Wan..,30553725,,,,,,
24,15,9,Henry ,Ma...,31579042,,,,,,
24,24,,Pretham Raghav,Bal..,30949324,,,,,,
24,6,18,Preron,Cha..,30136237,,,,,,
24,6,18,Reyansh,Gha..,30060458,,,,,,
24,24,,Akshith,Mut..,16808905,,,,,,
24,24,,Nathan,Li..,30949611,,,,,,
24,24,,Lisnith,Kar..,31143009,,,,,,
24,24,,Nikolai Anthony,Den..,30773438,,,,,,
24,24,,Yen-Hsiu,Lin..,30901851,,,,,,
,27,,Vihaan,Bha..,32792176,,,,,,
24,24,,Shray,Kan..,30597013,,,,,,
24,21,3,Warren,Li,31781436,,,,,,
24,24,,Rithvik,Sat..,17133308,,,,,,
24,24,,Abraham,Wu..,31485879,,,,,,
24,24,,Tong,Hsi..,31880665,,,,,,
24,24,,Himanshu,Rat..,31890575,,,,,,
24,24,,Salih,Sab..,31399912,,,,,,
24,24,,Sushen,Anu..,30706044,,,,,,
24,24,,Tsu-Hsuan,Hua...,31733534,,,,,,
24,24,,Neel,Bha..,32002792,,,,,,
24,6,18,Srithik,Net..,31944735,,,,,,
24,24,,Ender,Bon..,31654577,,,,,,
24,24,,Arjun,Set..,30580578,,,,,,
33,33,,Iyaan,Bho..,30224917,,,,,,
24,24,,Shivangi,Gho..,31533088,,,,,,
24,24,,Katherine,Liu..,31385454,,,,,,
24,21,3,Kenny,Li..,31202298,,,,,,
24,24,,Richa,Ven..,32431928,,,,,,
24,24,,Aruzhan,Kro..,32175781,,,,,,
24,24,,Arjun,Lal..,32496498,,,,,,
42,42,,Vishnu,Vin..,32551075,,,,,,
24,24,,Krishna,Kum..,31261246,,,,,,
24,24,,Mia,Zhu..,32071785,,,,,,
,0,24,Abimanyuu,Har..,32602076,,,,,,
24,24,,Amrith,Ram...,32446870,,,,,,
24,24,,Landon,Bri..,32157377,,,,,,
24,24,,Snehin,Das..,31648742,,,,,,
,57,,Yuvaan,Gup..,32809871,,,,,,
24,24,,Shivam,Vas..,32159542,,,,,,
24,24,,Rachit,Nar..,31817457,,,,,,
24,6,18,Advik,Nevse,31959765,,,,,,
24,6,18,Kathir,Pra..,31314288,,,,,,
24,24,,Maxim,Stu..,31178805,,,,,,
24,24,,Pranav,Meh..,16695000,,,,,,
24,24,,Nicholas,Yu..,31260554,,,,,,
24,24,,Sam,Cai..,30839890,,,,,,
24,24,,Asher,Gro..,32265386,,,,,,
24,24,,Lucas,Lee..,31744795,,,,,,
24,24,,Kavin,Kar..,31775118,,,,,,
24,24,,Tejas Subash,Pat..,30905578,,,,,,
24,6,18,Vishnu,Van..,32026830,,,,,,
24,15,9,Parikshith,Raja,32174285,,,,,,
24,24,,Shane,Liu..,30069386,,,,,,
24,6,18,Agambir,San..,31952005,,,,,,
24,24,,Litong,Nie..,32499878,,,,,,
78,78,,Felix Ziping,Liu...,32466683,,,,,,
24,24,,Taksh,Aro..,31074665,,,,,,
24,24,,Aditya,Kor..,32372915,,,,,,
24,24,,Llibertat,Via..,30919661,,,,,,
24,24,,Srihan,Tal..,30669884,,,,,,
24,24,,Zev,Sha..,32323463,,,,,,
24,24,,Sunwrito,Gho..,17187270,,,,,,
24,24,,Devon,Leo..,32210213,,,,,,
24,24,,Rithvik,Aut..,30976368,,,,,,
24,24,,Ayansh,Kon..,32560449,,,,,,
24,15,9,Rishaan,Bose,32450327,,,,,,
94,85,9,Kerem,Eker,32534306,,,,,,
24,24,,Ojus,Dha..,32553037,,,,,,
24,24,,Owen,Luo..,32549084,,,,,,
48,48,,Avin,Adi,32699477,,,,,,
,24,,Oliver,AP,33083153,,,,,,
24,24,,Albert,Liu..,31171262,,,,,,
24,24,,Ridhaan,Mis..,31843849,,,,,,
24,24,,Rishabh,Kar..,17108635,,,,,,
23,23,,Michael,H,17093536,HugeFlyingBreak,,,,,
23,23,,Francis,P,17067462,FrancisPBayAreaChess,,,,,
26,26,,Ayansh,Gul..,30518525,TinyMiniDragon,,,,,
22,22,,Jolyon,J,,JolyonJ-FTBAC,,,,,
22,22,,Ariana,K,30223114,,,,,,
22,22,,Oren,W,16577555,,,,,,
34,34,,Elliott,Ross,32701130,,,,,,
21,21,,Ananya,W,30145895,,,,,,
21,21,,Andrew ,H,16087051,,,,,,
21,21,,Sean,K,16962568,,,,,,
21,21,,Vishwa,V,16293882,,,,,,
21,21,,Anirudh,Kiz..,31931061,,,,,,
21,21,,Parv,J,16013223,,,,,,
21,21,,Vesper,L,,VesperLBayAreaChess,,,,,
21,21,,Ishaan,S,30062761,,,,,,
21,21,,Colin,Y,16685250,,,,,,
21,21,,Henry ,P,30287715,,,,,,
21,21,,Ziheng,Shi..,16415607,,,,,,
21,21,,Akshaj,P,16497860,,,,,,
21,21,,Joseph,Hou..,30233122,,,,,,
21,21,,Anish,Pol..,30074334,,,,,,
21,21,,Volodymyr,Kys..,30401337,,,,,,
21,21,,Swagatha,S,16203181,,,,,,
21,21,,Tina,Chu..,30316420,,,,,,
21,21,,Anirudh,G,16223445,,,,,,
21,21,,Eli,Chu...,30316436,,,,,,
21,21,,Vinod,Sha..,13842151,,,,,,
21,21,,Sanushya,Sub..,16401325,,,,,,
21,21,,Leah,Kim..,16987731,,,,,,
21,21,,Shuntaro,Mae..,30315522,,,,,,
21,21,,Jay,Pas..,30129714,,,,,,
21,21,,Aadi,Kos..,16380333,,,,,,
21,21,,Adam,Li..,30242884,,,,,,
21,21,,Samuel,Obe-Man..,30587444,,,,,,
21,21,,Thomas,Har..,30574176,,,,,,
21,21,,Pariks,Bar..,30406506,PariksBBayAreaChess,,,,,
21,21,,Max Jiazheng,Dou..,30330205,,,,,,
,42,,Harper,Hua...,30523470,,,,,,
21,21,,Sharanya,Chu..,30083735,,,,,,
21,21,,Chaaruhaas,Kan..,30565081,,,,,,
21,21,,Sanjay Krish,Sar..,16093116,,,,,,
21,21,,Dhruv,Kar..,30461249,,,,,,
,42,,Yuchen,Li..,30493633,,,,,,
21,21,,Edward,Lu..,15203551,,,,,,
21,21,,Arjun,Gar...,16098595,,,,,,
21,21,,Habib,Kha..,30926296,,,,,,
21,21,,Aaryam,Mur..,30305463,,,,,,
21,21,,Aditya,Pal..,15740122,,,,,,
21,21,,Sebastian,Tsi..,31311849,,,,,,
21,21,,Leonardo,Li-Ley..,30577671,,,,,,
21,21,,Aarav,Ver..,15947507,,,,,,
21,21,,Kuzey,Dog..,31355960,,,,,,
21,21,,Aiden ,Don..,31464328,,,,,,
21,21,,Pavan,Pen..,16743097,,,,,,
21,18,3,Siddharth,Tan..,30976881,,,,,,
21,12,9,Kushal,Tammineni,31565916,,,,,,
21,3,18,Likhilesh,San..,30623393,,,,,,
21,0,21,Aayansh,Aga...,31488153,,,,,,
21,0,21,Sahasra,Din..,30987861,,,,,,
21,21,,Advait,She..,30820601,,,,,,
21,12,9,Maxwell,Khavari,31616684,,,,,,
21,21,,Chingutei,Nar..,17202743,,,,,,
21,21,,Stephan,Lap..,17305260,,,,,,
21,3,18,Megha,Chowtoori,17190163,,,,,,
21,3,18,Saanya,Shekhar,31796110,,,,,,
21,21,,Tejas,Chr..,31719756,,,,,,
21,3,18,Saksham,S,31793136,,,,,,
21,3,18,Marcus,Lee,16688903,,,,,,
21,21,,Bailey,Sha..,30958883,,,,,,
21,21,,Aarav,Par..,32090349,,,,,,
21,21,,Yatharth,Ver..,32238485,,,,,,
21,21,,Daniil,Kra..,31389875,,,,,,
21,21,,Anmol,Sin...,30785281,,,,,,
21,3,18,Advith,Pakanati,31817535,,,,,,
21,21,,Zachary,Li..,32416759,,,,,,
21,21,,Vaibhav,Gup..,32470099,,,,,,
21,21,,Arfan,Pas..,30201787,,,,,,
30,12,18,Akshara,Kar..,32447803,,,,,,
21,21,,Arjun,Sri..,30029614,,,,,,
21,21,,Lucien,Ma..,32512758,,,,,,
21,21,,Sujay (Jonathan) ,Dor..,15591358,JSujayDBAC,,,,,
21,21,,Kaira,Ver..,32525107,,,,,,
21,21,,Junyi,Xie.,32662283,,,,,,
32,32,,Derek,Z,,DerekZ17,,,,,
21,21,,Advith,Pan...,32271304,,,,,,
20,20,,Reyansh,G,17164653,,,,,,
20,20,,Misheel,E,30223102,,,,,,
20,20,,Pratyush ,KS,30210091,,,,,,
20,20,,William ,C,15174401,,,,,,
20,20,,Yashas ,Kha..,14996670,,,,,,
20,20,,Abhirup,Muk..,17149023,,,,,,
20,20,,Shengyuan,Zha..,32080494,,,,,,
20,20,,Reyansh,Mis..,31763107,,,,,,
19,1,18,Karthik,S,30571806,KarthikSBayAreaChess,,,,,
19,19,,Ranveer,Cha..,31211042,,,,,,
18,18,,Abhijith,A,15930356,,,,,,
18,18,,Aneesh S,K,30179323,,,,,,
18,18,,Ashwin,V,30205719,,,,,,
24,24,,Chance,Pen..,31883204,,,,,,
18,18,,Easwar,S,16418483,,,,,,
18,18,,Harrison,H,16689191,,,,,,
18,18,,Katherine,SL,16425316,,,,,,
18,18,,Luke,W,16010621,,,,,,
18,18,,Marcos,H,30201425,,,,,,
18,18,,Pavel ,S,30184496,,,,,,
18,18,,Rayan,J,30044534,,,,,,
18,18,,Robyn,N,16064063,,,,,,
18,18,,Ronin,S,17199995,,,,,,
18,18,,Sindhuja,D,15193511,,,,,,
18,18,,Kyle,K,30019938,,,,,,
18,18,,Vardaan,LP,30155575,,,,,,
18,18,,Noah ,F,17144775,,,,,,
18,18,,Aneya,B,30233261,,,,,,
18,18,,Ivan Yea,Hwa..,31677430,,,,,,
18,18,,Ronit,RJ,30148373,,,,,,
18,18,,Sandeep,S,15440794,,,,,,
18,18,,Dave Salinas ,Ban..,16664137,,,,,,
30,30,,Ayaan,Gup..,31984615,,,,,,
18,18,,Vighnesh,Gan..,32359001,,,,,,
18,18,,Brandon,Nis..,31195671,,,,,,
18,18,,Om,Sut..,16851816,,,,,,
18,18,,Aditya,Kot..,15906341,,,,,,
,12,18,Rick,Cho..,32809567,,,,,,
18,18,,Matthew ,Woo..,30357969,,,,,,
18,18,,Brandon,Fon..,15739042,,,,,,
18,18,,Pranathi Hemanth,Gor..,30015817,,,,,,
18,18,,Izyan,Kha..,30018064,,,,,,
18,18,,Kyle,Cro..,14720201,,,,,,
18,18,,Suhas,Yez..,16644788,,,,,,
18,18,,Atri,Ban..,14733103,,,,,,
186,186,,Peter,Vu..,31973857,,,,,,
30,21,9,Tanish,Sel..,32091845,,,,,,
18,18,,Uppilli,Sri..,30484884,,,,,,
18,18,,Jaden,Cha..,30512248,,,,,,
18,18,,Andrew ,Zha..,30565098,,,,,,
18,18,,Akhil,San..,17232476,,,,,,
18,18,,Aiden X.,Che..,30595897,,,,,,
,18,,Bennett,Pio..,31851261,,,,,,
18,18,,Menaja,,16437786,,,,,,
18,18,,Ethan,Li..,30341453,,,,,,
18,18,,Arman,Jaz..,30624450,,,,,,
18,18,,Krish,Ras..,15365184,,,,,,
18,18,,Derek ,Li..,30599846,,,,,,
18,18,,Parth,Mit..,16408637,,,,,,
,18,,Pranav,Ana..,31555228,,,,,,
18,18,,Arnold,Spa..,16832623,,,,,,
18,18,,Ashwin,S,15443354,,,,,,
18,18,,Ryder Sebastian,Mar..,30600679,,,,,,
18,18,,Avani ,She..,30015624,,,,,,
18,18,,Laksh,Sha..,30644675,,,,,,
18,18,,Nathan,Liu..,30639676,,,,,,
18,18,,Elliott,Pad..,31631919,,,,,,
18,18,,Advay,Ban..,16068511,,,,,,
,18,,Aarnav,Gul..,30518503,,,,,,
18,18,,Eshan,Bal..,17163617,,,,,,
18,9,9,Michael,Li..,31845452,,,,,,
18,0,18,Sanvi,Kan..,31924721,,,,,,
18,18,,Abhiram,Veg..,30659047,,,,,,
18,18,,Alexander ,Yag..,17267488,,,,,,
18,18,,Sofia,Iva..,15542667,,,,,,
18,18,,Sriniketh,Srikanti,30168389,,,,,,
18,18,,Liam,Cas..,16763070,,,,,,
66,66,,Ayansh,Vag..,30459925,,,,,,
18,18,,Evelyn Peng,Zha..,30498777,,,,,,
18,18,,Samanvi,Kum..,30528252,,,,,,
18,18,,Reyansh,Chu..,30611155,,,,,,
18,18,,Oscar,Wan..,32546546,,,,,,
18,18,,Hridhaan,Ami..,30239558,,,,,,
18,18,,Aarush,Nal..,31831075,,,,,,
18,18,,Atharv,Man..,30674114,,,,,,
18,18,,Orlando,Rod..,30652136,,,,,,
18,18,,Kishor,Bha..,12935024,,,,,,
18,18,,Anay Rajesh,Man..,30099480,,,,,,
18,18,,Lucas,Cur..,30797305,,,,,,
18,18,,Roger,Pan..,17124442,,,,,,
18,18,,Matthew,Kho..,30669587,,,,,,
18,18,,Mahir,Pat..,30678313,,,,,,
18,18,,Oscar,Bla..,30612235,,,,,,
18,18,,Morgan,Her..,30213942,,,,,,
18,18,,Haha,Zha..,30520865,,,,,,
18,18,,Austin ,Sun..,30854680,,,,,,
18,18,,Anlon,Che..,31884688,,,,,,
18,18,,Bharath,Gad..,30700104,,,,,,
18,18,,Jeremy,Cru..,30854108,,,,,,
18,18,,Vedant,Bra..,30882742,,,,,,
18,18,,Anish Sriram,Bhe..,16270020,,,,,,
18,18,,Blaze Van,Din..,30769055,,,,,,
18,18,,Jacob Connell,Squ..,30901569,,,,,,
18,18,,Huashi,Lia..,17196748,,,,,,
18,18,,Calypso,Mcc..,16696987,,,,,,
,18,,Quyntint,Shi..,32582579,,,,,,
18,18,,Ethan,Hua...,17218583,,,,,,
18,18,,Sunkrith,Ame..,17355682,,,,,,
18,18,,Hummer,Pia..,30631078,,,,,,
18,18,,Matthew,Neil..,31074681,,,,,,
18,18,,Hitesh Sachin,Des..,30711589,,,,,,
18,18,,Ishaan,Aga..,15787797,,,,,,
18,18,,Han,Lu..,31169243,,,,,,
18,18,,Alex Simon,Zam..,16776301,,,,,,
18,18,,Avinash,Raj..,31229392,,,,,,
18,18,,Prahit,Pan..,16537941,,,,,,
18,18,,Nathan,Lin..,31761143,,,,,,
18,18,,Zhixiu,Che..,30674123,,,,,,
18,18,,Aditi,Gan..,31074308,,,,,,
18,18,,Winston,Wan..,17073711,,,,,,
18,18,,Russell,Ngu..,31280836,,,,,,
18,18,,Akshaj ,,31149933,,,,,,
18,18,,Drishaan,Basak,30996725,,,,,,
18,18,,John Wang,Xia..,30747333,,,,,,
18,18,,Adhvik,Men..,30939106,,,,,,
18,18,,Daniel ,Yao..,16405382,,,,,,
18,18,,Shaivi,Sur..,31179039,,,,,,
18,18,,Taran,Mal..,16742423,,,,,,
18,18,,Ryan,Won..,17091916,,,,,,
18,18,,Adrian,Poo..,30758794,,,,,,
18,18,,Jeffrey,Mu..,16629514,,,,,,
18,18,,Vihaan,Sin...,31306803,,,,,,
18,18,,John,And,31329917,,,,,,
18,18,,Neil,Sha..,30139501,,,,,,
18,18,,Vihaan,Nai..,16850745,,,,,,
18,18,,Ronav,Kha..,31309637,,,,,,
18,18,,Samvit,Kin..,31391856,,,,,,
18,0,18,Bryson,Zha..,31422659,,,,,,
18,18,,Sohum,Lak..,31405427,,,,,,
18,18,,Veda,Gir..,30884566,,,,,,
18,18,,Saket,Yak..,16696731,,,,,,
18,18,,Charles,McL..,31175449,,,,,,
18,18,,Davin,Una..,30373825,,,,,,
18,18,,Rohan Srimath,Nai..,30906741,,,,,,
18,9,9,Jyotiraditya,Bha..,30528051,,,,,,
18,0,18,Travis ,Liu..,17303697,,,,,,
18,0,18,Sidhvi,Komali,30692970,,,,,,
18,0,18,Ajay,Kri..,17176938,,,,,,
18,0,18,Gurusaran,Sar..,30118937,,,,,,
18,0,18,Sujay,Cha..,16407105,,,,,,
18,0,18,Rishan,Ari..,30574642,,,,,,
18,0,18,Mukund,Sha..,30587419,,,,,,
18,0,18,Saachi,Dha..,17152995,,,,,,
18,0,18,Aashrith,Ade...,30251953,,,,,,
18,0,18,Hridayes,Mohan,31329631,,,,,,
18,0,18,Dhruv,Pal..,17248295,,,,,,
18,0,18,Tejas,Kanchgar,30833432,,,,,,
18,18,,Yaqoob,Sye..,31636468,,,,,,
18,18,,Samuel,Tiu..,30954919,,,,,,
18,18,,Raghav,Jan..,30994426,,,,,,
18,18,,Raffaella,Och..,31630972,,,,,,
18,18,,Andrew ,Yu..,31364087,,,,,,
18,18,,Jack,Bus..,17194240,,,,,,
18,0,18,Yugo,Sha...,16752906,,,,,,
18,0,18,Ranveer,Cha..,,RanveerCBayAreaChess,,,,,
18,18,,Taeed,Fan..,31690874,,,,,,
18,18,,Sidhant,Tam..,31456230,,,,,,
18,18,,Rohan,Iye..,16459518,,,,,,
18,-18,36,Achintya,Katte,31574494,,,,,,
18,18,,Pradyun,Jup..,16908898,,,,,,
18,18,,Aarav,Aga,30569699,,,,,,
18,18,,Tejaswini,Sri..,30711043,,,,,,
18,18,,Neeva,Pat..,31275764,,,,,,
18,18,,Spencer,Par..,31735550,,,,,,
18,18,,Darsh Sai,Hem..,16463521,,,,,,
18,18,,Claire,Gao..,31805875,,,,,,
18,18,,Saatvik,Aro..,31880575,,,,,,
18,18,,Jeremy,Hu..,31927032,,,,,,
18,18,,Adam,Ran..,31876059,,,,,,
18,18,,Noah ,Sal..,31540126,,,,,,
18,18,,Conrad,Bra..,30109664,,,,,,
18,0,18,Alexis,Lu,30962176,,,,,,
18,0,18,Sai,Maddi,,,,,,,
18,18,,Ethan Mikel,Ant..,31792907,,,,,,
18,18,,Ryan,Yu..,32010405,,,,,,
18,18,,Viswanaath,Gar...,31527023,,,,,,
18,18,,Ryan,Ren..,31978596,,,,,,
,18,,Miles,Che..,33065024,,,,,,
18,0,18,Aarush Sai,Edu..,30649641,,,,,,
18,18,,Eshaan,Ami.,30205762,,,,,,
18,18,,Vishwesh,Kas..,31960062,,,,,,
,35,,Max,Zaw..,32605117,,,,,,
,36,,Yutong,Li..,32482916,,,,,,
18,18,,Olaf,Zha..,31306746,,,,,,
18,18,,DingDing,Che..,31974856,,,,,,
18,18,,Shresht,Mak..,31791440,,,,,,
18,18,,Shivam,Deu..,32098349,,,,,,
18,18,,Akilan,Rav..,32175180,,,,,,
18,18,,Nat,O'Co..,32190977,,,,,,
18,0,18,Ajay,Jeg..,32324058,,,,,,
18,18,,Srithika,Sat..,31525570,,,,,,
18,0,18,Steve,Tuvshinjargal,16696767,,,,,,
18,0,18,Sarah,Akkala,32336186,,,,,,
18,0,18,Saurjyesh,Potla,32024889,,,,,,
18,18,,Devin,Iam..,32373041,,,,,,
18,18,,Akshaj,Gad..,30521633,,,,,,
210,210,,Alvin,Wan..,32255138,,,,,,
18,0,18,Theo,Puro,32484529,,,,,,
18,0,18,Pranav,Karyamapudi,32510541,,,,,,
18,18,,Ishaan,San..,32484220,,,,,,
18,-18,36,Julian,Rodriguez,32592442,,,,,,
18,18,,Travis ,Lim..,32575842,,,,,,
18,18,,Dexin,Che..,32598519,,,,,,
18,18,,Kabir,Jai..,32254931,,,,,,
18,18,,Ryan,Wan..,32570297,,,,,,
18,18,,Sam,Vel..,32642434,,,,,,
18,18,,Aariz,Moh..,32517891,,,,,,
18,18,,Hartej,Bew..,31151242,,,,,,
18,18,,Namjyot,Sir..,31515473,,,,,,
18,18,,Rohan ,C,,RohanCBAC ,,,,,
18,18,,Emma,Wei..,31974794,,,,,,
21,21,,Graham,Che..,32131919,,,,,,
18,18,,Jaiyanti,Red..,30779322,,,,,,
18,18,,Alex,Gob..,32210278,,,,,,
30,30,,Darin Chinok,Chu..,32605124,,,,,,
48,48,,Ethan Jaewon,Chu..,32144613,,,,,,
108,102,6,Austin ,Fan..,32785628,,,,,,
17,17,,Ayan,D,16447590,AyanDBayAreaChess,,,,,
16,16,,Naga Venkata Sai San,Cho..,30350533,,,,,,
16,4,12,Owen ,Leo..,,OwenL-FTBAC,,,,,
16,16,,Myra ,Cho..,30812715,MC12345,,,,,
16,7,9,Neel,Meh..,30237155,NeelMBAC,,,,,
16,16,,Sana,Moh..,32252163,,,,,,
,16,,Mihira Sai,Sam..,31789206,,,,,,
16,16,,Abishai,Kol..,32040006,,,,,,
15,15,,Canyon Anthony,M,30241889,,,,,,
15,15,,Ricky,S,30204529,,,,,,
15,15,,Tarun,R,30204144,,,,,,
,45,,Siddharth,Kal..,32201918,,,,,,
15,15,,Braedon,H,,HugeWindyArrow,,,,,
15,15,,Anshika,N,30235080,,,,,,
15,15,,Lina,S,30212976,,,,,,
15,15,,Swaminathan,S,14080777,,,,,,
15,15,,Vrishank,Ped..,15518610,,,,,,
15,15,,Sivavishnu,Sri..,16778004,,,,,,
15,15,,Harrison,Tan..,30335696,,,,,,
15,15,,Samuel,Sal..,31845587,,,,,,
15,15,,Sophia,Tin..,31111659,,,,,,
15,15,,Rishi,Bha..,16606972,,,,,,
15,15,,Vaibhav,Kam..,16528781,,,,,,
15,15,,Edward,Miu..,15491612,,,,,,
15,15,,Niteesh,,30323470,,,,,,
15,15,,Vasu,Rao..,30416903,,,,,,
15,15,,Benny,Pic..,30408716,,,,,,
15,15,,Connor,Har..,30282310,,,,,,
,15,,Rion,Dhi..,31792880,,,,,,
15,15,,R Level ,Dru..,14114305,,,,,,
15,15,,Sky,Shu..,31477886,,,,,,
15,15,,Stephen,Mar..,30400278,,,,,,
15,15,,Joshua ,X,30026083,,,,,,
15,15,,Young C,C,17158184,,,,,,
15,15,,Arjun,Chu..,30272445,,,,,,
15,15,,Evan,T,30267130,,,,,,
15,15,,Mert,Sel..,30578976,,,,,,
15,15,,Xiaohan,Li..,30574689,,,,,,
,42,,Zhuoyi,Che..,32375794,,,,,,
15,15,,Tejaswini,Vis..,16557594,,,,,,
15,15,,Nick,Gho..,32549092,,,,,,
15,15,,Prarabdh,Yad..,30871548,,,,,,
,15,,Henry ,Li..,32351132,,,,,,
15,15,,Aarav,Nay..,31804431,,,,,,
15,15,,Robin,She..,16329657,,,,,,
,15,,Anika,Ara..,32366514,,,,,,
45,45,,Rajdarshan ,Jog..,30510788,,,,,,
15,15,,Aman,Shr..,30177424,,,,,,
15,15,,Michael,Tu..,30325469,,,,,,
15,15,,Elliott,Ker..,30683571,,,,,,
15,15,,Darshun,Lak..,30067425,,,,,,
15,15,,Jitendra,Nan..,31796213,,,,,,
24,6,18,Oleksandr,Sav..,32226414,,,,,,
15,15,,Nitin,Sri..,15962992,,,,,,
15,15,,Ravishankar,Rao..,30685217,,,,,,
111,111,,Avik,Sah..,17251957,,,,,,
15,15,,Soham,Meh..,30525452,,,,,,
15,15,,Isaac ,L,17105017,IsaacLBayAreaChess,,,,,
15,15,,Johan,And..,31329917,,,,,,
15,15,,Ojas,Par..,16452028,,,,,,
15,15,,Yuan,Qiu..,17050792,,,,,,
15,15,,Peter ,Cho..,30667280,,,,,,
15,15,,Pranav,Pyd..,16314936,gallantKnight,,,,,
15,15,,Poorvi,Jit..,30515436,,,,,,
15,15,,Kaarthik ,T,17190157,Kaarthi,,,,,
15,15,,Jeffrey,Zha..,17185671,,,,,,
15,15,,Maureen,Liu..,31004229,,,,,,
15,15,,Jaxson,Tan..,17018373,,,,,,
15,15,,Avyay,Sad..,31311824,,,,,,
15,15,,Vidir,Vas..,31026733,,,,,,
15,15,,Vicky,Qin..,16966185,,,,,,
,36,,Aarav,Raj..,32465823,,,,,,
15,15,,Akshaj,Ral..,31289071,,,,,,
15,15,,Nikhil,Pan...,31466951,,,,,,
15,15,,Dario,Vil..,30770464,,,,,,
15,15,,Advit,Mah..,31374106,,,,,,
15,15,,Aditi Vidyith,Suk..,17257586,,,,,,
15,12,3,Muhriz,Mun..,31178616,,,,,,
15,6,9,Kaarthik ,Dhanasekau,30349127,,,,,,
15,0,15,Mark ,Ver..,15394938,,,,,,
15,15,,Barak,Z,30191703,,,,,,
,33,,Yi,Li..,32825319,,,,,,
,15,,Vasudeva,Gon..,31710300,,,,,,
15,15,,Yali,DP,16280288,,,,,,
15,15,,Trisha Rohit,Bho..,30310407,,,,,,
15,15,,Viyaan,Goy..,31169520,,,,,,
15,15,,Aiden ,Hsu..,30387442,,,,,,
,15,,Vidushita,Ven..,33068732,,,,,,
15,15,,Saamya,She..,31796127,,,,,,
15,6,9,Archer,T,16980544,,,,,,
15,15,,Rohil,Man..,16441762,,,,,,
15,15,,Arth,Mun..,31860327,,,,,,
15,15,,Arjun,Nar..,31761228,,,,,,
15,15,,Evan,Lyo..,31880670,,,,,,
,30,,Christian,Ndu..,32195720,,,,,,
15,15,,Anika,Goy..,31815139,,,,,,
15,15,,Winston,Kuo..,30606005,,,,,,
15,15,,Owen ,Leo..,32218201,,,,,,
15,15,,Abhinav,Kal..,32192721,,,,,,
15,-24,39,Vaibhav,Nul..,32053339,,,,,,
15,6,9,Srivatsa,Dub..,32236007,,,,,,
15,15,,Aaradharan,Pus..,31852995,,,,,,
15,15,,Krithikesh,Mut..,32462159,,,,,,
30,12,18,Luoqi,Fan..,32358442,,,,,,
15,15,,Ilamaran,Ara..,31723113,,,,,,
15,15,,Aditya,Das..,32443127,,,,,,
15,15,,Rutvik,Kum..,31394214,,,,,,
15,15,,Nevaan,Pat..,32494957,,,,,,
33,33,,Rohan,Iye..,31333850,,,,,,
15,15,,Neev,Sri..,31703537,,,,,,
15,15,,Alexander ,Bat..,31880693,,,,,,
15,15,,Dean,Pha..,32527323,,,,,,
15,15,,Ibrakhim,Ama..,32482138,,,,,,
15,15,,Yi-An,Lai..,31730019,,,,,,
15,15,,Cooper ,Kli..,32422664,,,,,,
15,15,,Advaith,Sub..,30973258,,,,,,
270,261,9,Ryleigh,Strain,32099014,,,,,,
15,15,,Theo,Che..,32631006,,,,,,
15,15,,William,Den..,32706121,,,,,,
15,15,,Sadyk,Kur..,32699584,,,,,,
15,15,,Liam,Pha..,32131141,,,,,,
39,39,,Max,Sho..,32708669,,,,,,
15,15,,Jiaran,Liu..,32549776,,,,,,
14,14,,Jason ,S,16314722,JasonSBayAreaChess,,,,,
14,14,,Maximo,C,,MaximoCBAC,,,,,
13,13,,Henry ,R,,HenryRBayAreaChess,,,,,
13,13,,Ian ,W,16010636,IanWBayAreAChess,,,,,
13,13,,Peter ,D,,PeterDBayAreaChess ,,,,,
13,13,,Theo ,VZ,,TheoVZBayAreaChess,,,,,
13,13,,Eric ,Yan..,,EricYBayAreaChess,,,,,
12,12,,Aarit,C,,AaritCBayAreaChess,,,,,
12,12,,Abhiram,V,16066006,,,,,,
12,12,,Adelbert,C,12811755,,,,,,
12,12,,Arnav ,Agr,30179350,,,,,,
12,12,,Austin ,W,30188241,,,,,,
12,12,,Chengzhi,W,15584304,,,,,,
,18,,Akshay,Ram..,32821792,,,,,,
12,12,,Gurtej S,B,30211073,,,,,,
12,12,,Jacques,G,16438863,,,,,,
12,12,,Jaiveer,SG,16493714,,,,,,
12,12,,Jasper ,,16443705,,,,,,
,12,,Kalia..,Cha..,33056805,,,,,,
12,12,,Logan ,T,,LoganTBayAreaChess,,,,,
12,12,,Nihal,Kan..,32393246,,,,,,
12,12,,Olivia,Wan..,32546490,,,,,,
12,12,,Chandrash,Mur..,32543365,,,,,,
12,12,,Mayur,T,30189785,,,,,,
,30,,Han,Kua..,32922841,,,,,,
12,12,,Harinandan,Kal..,32520697,,,,,,
12,12,,Kyona,Wen..,32548697,,,,,,
,12,,Prithvi,Kar..,32551139,,,,,,
12,12,,Tarun,Pra..,32328796,,,,,,
12,12,,Arjun,Sha..,32001184,,,,,,
12,12,,Safiya,J,17058171,,,,,,
,12,,Abby,Kan..,32825637,,,,,,
12,12,,Vihaan,Dha..,31036398,,,,,,
12,12,,Theodore,S,30256056,,,,,,
,30,,Magilan,Viv..,31371453,,,,,,
12,12,,Siddhant,U,17075441,,,,,,
12,12,,Aashi,G,16816080,,,,,,
12,12,,Vineet,R,15751776,,,,,,
12,12,,Jiana,Kim..,31015441,,,,,,
12,12,,Felix,L,30278374,,,,,,
,24,,Atharv,Raw..,32003014,,,,,,
12,12,,Mayukh,K,30212232,,,,,,
12,12,,Samuel Jacob,B,30257338,,,,,,
12,12,,Brandon,C,30287686,,,,,,
12,12,,Kashyap,G,17015195,,,,,,
12,12,,Nivaan,P,30282215,,,,,,
12,12,,Deandre,Sta...,30255378,,,,,,
36,36,,Thea,Angelidis-Smith,30275795,,,,,,
12,12,,Ian ,Lai..,31528407,,,,,,
,27,,Aditya,Das..,32788017,,,,,,
12,12,,Varun,Kon..,31932378,,,,,,
12,12,,Samuel,Yua...,15620184,,,,,,
12,12,,Anvay,Kha..,31929796,,,,,,
12,12,,Luke,Hon..,16894950,,,,,,
,12,,Chariste,Pio..,31851251,,,,,,
12,12,,Mihir,Gor..,31406684,,,,,,
12,12,,Wilton,Wan..,30359598,,,,,,
,12,,Dhruv Aryan,Arun,32614054,,,,,,
12,12,,Vedant,Dav..,17065293,,,,,,
12,12,,Bennett ,Hua...,16780004,,,,,,
12,12,,Koshal,Ket..,32218248,,,,,,
12,12,,Moukthika ,Pot..,30064905,,,,,,
12,12,,Christian Shun,Jin..,32249278,,,,,,
12,12,,Stepan,Sad..,31842133,,,,,,
12,12,,Aryan,Jai..,16802032,,,,,,
12,12,,Laksh,Jai..,16802026,,,,,,
12,12,,Aidan,Cal..,31406693,,,,,,
12,12,,Rayan,Jai..,17009798,,,,,,
12,12,,Riya Anil,Yad..,30238139,,,,,,
12,12,,Karanveer Singh,Sar..,16929538,,,,,,
12,12,,Advith,Pat..,32415485,,,,,,
12,12,,Ansh,She..,30234646,,,,,,
12,12,,Saumit,Pat..,17000206,,,,,,
12,12,,Arush,Agr..,30695504,,,,,,
12,12,,Majd,Bo..,16100533,,,,,,
12,12,,Riley,Ken..,31631890,,,,,,
12,12,,Anton,B,30162536,,,,,,
12,3,9,Andy,Tan..,31856233,,,,,,
12,12,,Reva,Raj..,31639056,,,,,,
12,12,,Devin,Hat..,30378481,,,,,,
12,12,,Sahaas,Kis..,30396377,,,,,,
12,12,,Sania,Bid..,15494131,,,,,,
12,12,,Vinay,Lal..,15990100,,,,,,
,30,,Shravas,Meh..,32913383,,,,,,
,12,,Ayan,Sen..,31963564,,,,,,
12,12,,Austin Chen,Lai..,31730009,,,,,,
12,12,,Vinny,Kun..,31380675,,,,,,
12,12,,Akshay Krishna,Kot..,30330500,,,,,,
12,12,,Suhas,Mor..,31852134,,,,,,
12,12,,Jay,Kam..,31932302,,,,,,
12,12,,Matthew James,Cer..,16937758,,,,,,
12,12,,Nicolas Lim,Gae..,17078848,,,,,,
12,12,,Palak,Ban..,31930664,,,,,,
12,12,,Advika,Pra..,15643124,,,,,,
12,12,,Krithik,S,30282209,,,,,,
12,12,,Syaon,Ku..,30432521,,,,,,
12,12,,Kushwant,Gan..,30016068,,,,,,
12,12,,Ayush,Bhe..,15692365,,,,,,
12,12,,Arun,Bha..,30424769,,,,,,
12,12,,Amay,Sri..,15738871,,,,,,
12,12,,Gautham,Vin..,30858763,,,,,,
12,12,,Harsh,Kar..,30461180,,,,,,
12,12,,Felix,Che..,30173387,,,,,,
12,12,,Nelson,Dso..,30533570,,,,,,
12,12,,Henry ,Ben..,15273055,,,,,,
12,12,,Hichen,Lia..,30547938,,,,,,
12,12,,Samarna,Sur..,30205684,,,,,,
12,12,,Maximus,Hon..,30614489,,,,,,
12,12,,Abhay Mukunda,Akk..,16657440,,,,,,
12,12,,Raj,Chi..,30626598,,,,,,
12,12,,Ananya,Bon..,16954746,,,,,,
12,12,,Peter Alexander,Rou..,30636732,,,,,,
12,12,,Paarth,Agr..,30039635,,,,,,
12,12,,Aadarsh,Jon..,31788181,,,,,,
12,12,,Ronak,Hir..,16562442,,,,,,
12,12,,Bill,Hua...,16013458,,,,,,
12,12,,Mike,Hen..,30598183,,,,,,
12,12,,Nimisha,Gud..,30694344,,,,,,
12,12,,Siddhartha,Gar...,31403354,,,,,,
12,12,,Ritwij,Kar..,17346426,,,,,,
12,12,,Kornel,Cse..,30594380,,,,,,
12,12,,Pratyay,App..,30485855,,,,,,
12,12,,Felix,Hu..,30392913,,,,,,
12,12,,Niels,Str..,30549680,,,,,,
12,12,,Hasini,Jit..,30528150,,,,,,
12,12,,Ella,Han..,30656899,,,,,,
12,12,,Virinchi,Kup..,30705954,,,,,,
12,12,,Kenmin,Ho..,16689158,,,,,,
12,12,,Uy,Ngu..,30492420,,,,,,
12,12,,Victor,Vie..,15281762,,,,,,
12,12,,Aarna,Dos..,17316186,,,,,,
12,12,,Simon,Tis..,31442411,,,,,,
12,12,,Jacob,Rho..,30711183,,,,,,
12,12,,Christopher,Chu..,16687538,,,,,,
12,12,,Max,Lob..,30688691,,,,,,
12,12,,Anna,And..,30580963,,,,,,
12,12,,Deniz,Kor..,16414646,,,,,,
12,12,,Amir,Kom.,30628003,,,,,,
12,12,,Rishan,Bis..,30138290,,,,,,
12,12,,Elvin,Wan..,30639957,,,,,,
12,12,,Peter,Xu..,30642588,,,,,,
12,12,,Levi Solomon,Nim..,17156496,,,,,,
12,12,,Satvik,Sha..,30021938,,,,,,
12,12,,Vincent,Yan..,30520097,,,,,,
12,12,,Manickam,Aru..,16391568,,,,,,
12,12,,Stella,Tan..,16446836,,,,,,
12,12,,Rohan ,SJ,30207977,,,,,,
12,12,,Edwin,Zha..,30517860,,,,,,
12,12,,Zeynep,Akc..,16930618,,,,,,
12,12,,Jayesh,Mek..,17091896,,,,,,
12,12,,Siddharth,Jan..,16762082,,,,,,
12,12,,Faith,Hua...,16873190,,,,,,
12,12,,Anaira,Pun..,30984275,,,,,,
12,12,,Noah,Lev..,30954849,,,,,,
12,12,,Rithik,Nar..,15785372,,,,,,
12,12,,Jai,Gup..,16612927,,,,,,
12,12,,Anwitha,Chi..,31077139,,,,,,
12,12,,Andre,Qiu..,30037460,,,,,,
12,12,,Eric ,Jap..,16252148,,,,,,
12,12,,Mihir,Dub..,31539049,,,,,,
12,12,,Clyde,Tay..,30514212,,,,,,
12,12,,Aram,Rod..,31157704,,,,,,
12,12,,Hrithik,Mal..,16753527,,,,,,
12,12,,Dhakshesh,Lon..,16902422,,,,,,
12,12,,Jordan,Tan..,16392431,,,,,,
12,12,,Alek,Bel..,31205928,,,,,,
12,12,,Sophia,Li..,31216820,,,,,,
12,12,,Albert,Zia..,30652902,,,,,,
12,12,,Aaryan,Gup..,30571791,,,,,,
12,12,,Angel,Avi..,30885778,,,,,,
12,12,,Lucas ,Mat..,31294424,,,,,,
12,12,,Shreyas,Gee..,16032238,,,,,,
12,12,,Dane,Hun..,31305484,,,,,,
12,12,,Jiachen,Lui..,31163868,,,,,,
12,12,,Oswaldo,Ley..,30653011,,,,,,
12,12,,Brandon,Lu..,16987684,,,,,,
12,12,,Jovan,LeFor..,31326612,,,,,,
12,12,,Harika,App..,30302078,,,,,,
12,12,,Adhrit,Gos..,31348339,,,,,,
12,12,,Gregory Albrino,Fer..,31395567,,,,,,
12,12,,Amogh,Pat..,30991217,,,,,,
12,12,,Gautham,Vad..,31365820,,,,,,
12,12,,Atharv,Rao..,31334629,,,,,,
12,12,,Ansh,Kha..,16392707,,,,,,
12,12,,Dhryva,V,15485164,,,,,,
12,12,,Liam,Pay..,17336325,,,,,,
12,12,,Sudith,Tho..,16647690,,,,,,
12,12,,Mihail,Kre..,30702764,,,,,,
12,12,,Manuel Roman,Esp..,30598909,,,,,,
12,12,,Bhavish,Jag..,17197570,,,,,,
12,12,,Danya Sri Anantha,Pra..,17257606,,,,,,
12,12,,Joseph,Ter..,31343974,,,,,,
12,12,,Samay,Cha..,31265842,,,,,,
12,12,,Will,Kai..,16979814,,,,,,
12,12,,Robert,Gal..,31321877,,,,,,
12,12,,Lydia,Xia..,31483496,,,,,,
12,9,3,Loida,Guo,30392341,,,,,,
12,3,9,Raina,Aro..,31466848,,,,,,
12,3,9,Kavin,Thi..,30287829,,,,,,
12,3,9,Arjun,Vel..,30691846,,,,,,
12,3,9,Avni,Lyj..,30836891,,,,,,
12,3,9,Sashrika,San...,31525468,,,,,,
12,3,9,Nitika,Nal...,31512516,,,,,,
12,3,9,Nayana,Nal...,31512488,,,,,,
12,3,9,Rishika ,Rai..,31523412,,,,,,
12,9,3,Genc,Str...,30563034,,,,,,
12,3,9,Thejasvi,Vidagotti,31569450,,,,,,
12,9,3,Maksim,Khu..,16716830,,,,,,
12,12,,Harini,Kan..,30976876,,,,,,
12,12,,Jedd,Hsu..,30563524,,,,,,
12,12,,Krishaan,Agr..,30706595,,,,,,
12,12,,Joshua ,Cha..,30553753,,,,,,
12,12,,Veerakoushik,Tam..,31899384,,,,,,
12,12,,Timur,Day..,30142782,,,,,,
12,12,,Neil,Var..,30528669,,,,,,
12,12,,Caden,Cha..,31296416,,,,,,
12,12,,Siddharth,Vet..,30500175,,,,,,
12,12,,Calvin,Gil..,31376786,,,,,,
12,12,,Abhay,Vem..,30734318,,,,,,
12,12,,Prithvi,Mar..,31632417,,,,,,
12,12,,Revansh,Agr..,31701319,,,,,,
12,12,,Anagha,Gau..,31484153,,,,,,
12,12,,Virat,Sin...,31423205,,,,,,
12,12,,Misha,Rat..,31401571,,,,,,
12,3,9,Charles,Li,31781461,,,,,,
12,6,6,Aariv,Bha...,31103442,,,,,,
12,12,,Ishaan,Kam..,31703376,,,,,,
12,12,,Ujaan,San...,30982005,,,,,,
12,12,,Max,And..,30986566,,,,,,
12,12,,Jaden Conan,Abu..,16964811,,,,,,
12,12,,Bryan,Yin..,32183649,,,,,,
12,12,,Amogh,Pot..,31440740,,,,,,
12,12,,Posheng,Hua...,31500023,,,,,,
12,12,,Yakub,Pal..,31995918,,,,,,
,36,,Raghav,Siv..,32827461,,,,,,
12,12,,Aaradharan,Pus.., AARADHARAN ,,,,,,
12,12,,Vivaan,Mak..,31080824,,,,,,
12,12,,Saanvi,Bala..,30839420,,,,,,
12,12,,Arya,Ram..,31669508,,,,,,
12,12,,Eric ,Shi..,30843683,,,,,,
12,3,9,Leela,Moh..,31765795,,,,,,
12,3,9,Bodhi,Mohan,31866708,,,,,,
12,12,,Aharwa,Pug..,32067461,,,,,,
12,12,,Sheldon,Shi..,31285482,,,,,,
12,12,,Yilin,Jin..,31292199,,,,,,
12,12,,Anay,Mat..,32020095,,,,,,
12,3,9,Ritisha,Vaddiraju,32075357,,,,,,
48,3,45,Nirav,Dhu..,31400816,,,,,,
12,3,9,Matthew,Larsen,30848318,,,,,,
12,12,,Daron,Ngu..,32171491,,,,,,
12,12,,Max,Luo..,32105156,,,,,,
30,21,9,Adarsh,Yel..,31531183,,,,,,
12,12,,Ishaan,Gup..,32152145,,,,,,
12,3,9,Divit,Goel,32414889,,,,,,
12,12,,Anthony,Xie..,32364050,,,,,,
30,30,,Michael,Hu..,31945687,,,,,,
12,12,,Jairus,Yue..,32131539,,,,,,
12,12,,Akshata,Kum..,32359660,,,,,,
12,12,,Hari,Man..,32433117,,,,,,
12,12,,Rafael,Pay..,32469448,,,,,,
12,12,,Asher,Bur..,31971261,,,,,,
12,12,,Neev,Pat..,16473402,,,,,,
12,12,,Pranika,Raj..,32416219,,,,,,
12,9,3,Aasrith,Kolli,17099887,,,,,,
12,3,9,Sujay,Oggu,32508155,,,,,,
36,27,9,Aashrit,Bysani,32175244,,,,,,
12,12,,Jayden,Lee..,32493426,,,,,,
12,12,,Siddharth,Kir..,32363514,,,,,,
12,12,,Daniel,Din..,32472634,,,,,,
12,12,,Arnav ,Bhi..,31565443,,,,,,
12,12,,Krit,Sin...,30545040,,,,,,
,24,,Samrudh,Bel..,31538622,,,,,,
12,12,,Avaneesh,Eda..,32521833,,,,,,
12,12,,Skanda,Iye..,32514967,,,,,,
12,12,,Sonny,Tra..,30548596,,,,,,
12,12,,Vivan,Rag..,32494455,,,,,,
12,12,,Simon,Lit..,31883220,,,,,,
12,12,,Mihir,Sri..,32158253,,,,,,
12,3,9,Chang,Infinity,,,,,,,
12,3,9,Warren,Tao,,,,,,,
12,3,9,Shlok,Upponi Samarth,32537690,,,,,,
12,12,,Bryant,Wan..,31861660,,,,,,
12,12,,Udit Reddy,Tho..,32599690,,,,,,
12,12,,Yevhen,Che..,32046065,,,,,,
,30,,Ryan,Gai..,17304052,,,,,,
12,12,,Dhatri,Tun..,32473338,,,,,,
36,36,,Timothy,Pan..,32634606,,,,,,
12,12,,Brady,Liu..,31814911,,,,,,
12,12,,Ethan,Sam..,31811153,,,,,,
12,12,,Vibhav,Son..,32359224,,,,,,
12,12,,Benjamin,Ngu..,32471472,,,,,,
36,36,,Chinmay, Bha..,32641618,,,,,,
12,12,,Warren,Tao..,,,,,,,
12,12,,Infinity,Cha..,,,,,,,
12,3,9,Nathan,Francis,32694907,,,,,,
12,12,,Rylan,Ko..,30498169,,,,,,
12,12,,Isaac Farris,Oma..,32744514,,,,,,
18,18,,Aaden,Cao..,32550071,,,,,,
54,54,,Samuel,Sho..,32708651,,,,,,
11,11,,Arjun ,K,16983853,ArjunKBayAreaChess,,,,,
11,11,,Muradhan,S,,FairMinorShadow,,,,,
11,11,,Easton,C,17119751,EastonCBayAreaChess,,,,,
11,11,,Joseph,Kam..,,JosephKBayAreaChess,,,,,
11,11,,Asher,Ban..,,AsherBBayAreaChess,,,,,
10,10,,Collin,N,,FastCapableZombie,,,,,
10,10,,Jacob ,U,,JacobUBayAreaChess,,,,,
10,10,,Sara,S,30201133,,,,,,
10,10,,Tuguldur,E,30223090,,,,,,
10,10,,Jackson,Cat..,30226972,,,,,,
10,10,,Liam,Law..,30456187,,,,,,
10,10,,Leon,W,,LeonW-FTBAC,,,,,
10,10,,Matthew,Zho..,30519098,matthewzhou2021,,,,,
10,10,,Pradhyun,Akk..,16685704,,,,,,
10,10,,Maxwell,L,,MaxwellLBayAreaChess,,,,,
9,9,,Andrew ,ZL,16524478,,,,,,
9,9,,Ben,C,30236523,,,,,,
9,9,,Bruno,B,17317037,,,,,,
9,9,,Cody Ray,E,30174306,,,,,,
9,9,,Daniel ,D,,DanielDBayAreaChess,,,,,
9,9,,Jonathan ,H,,JonathanHBAC,,,,,
9,9,,Josh,Gar...,30184544,,,,,,
9,9,,Katherine,Z,16715925,,,,,,
9,9,,Keerthana,G,16551243,,,,,,
9,9,,Levin,W,30267180,,,,,,
9,9,,Riyansh,G,16887136,,,,,,
9,9,,Rohan ,G,30178380,,,,,,
9,9,,Samar ,S,,SamarSBayAreaChess ,,,,,
9,9,,Samuel,GR,16288882,,,,,,
9,9,,Audrey ,P,30240836,AudreyPBayAreaChess,,,,,
9,9,,Elliot,F,16933823,,,,,,
,9,,Bill ,Wu..,32572249,,,,,,
9,9,,Dylan,Rit..,30282221,,,,,,
9,9,,Ulziikhutag,Ods..,30054582,,,,,,
9,9,,Gauresh,Goy..,30282433,,,,,,
9,9,,Charan Datta,Mul..,16906048,,,,,,
9,9,,Jaron,Lai..,16426304,,,,,,
9,9,,Ariel,Sch..,30327011,,,,,,
9,9,,Celine-Maria,E,,Celine-MariaEBAC,,,,,
9,9,,Narain,Bal..,15456811,,,,,,
73,73,,Arjun,Pan...,17316976,,,,,,
9,9,,Advait,Wan..,30026534,,,,,,
9,9,,Michael,Tou..,16239971,,,,,,
9,9,,Allen,Li..,,AllenL-FTBAC,,,,,
9,9,,Myra,Kau...,30439729,,,,,,
9,9,,Smrithi,Sri..,30505085,,,,,,
9,9,,Shreyan ,R,,ShreyanRBayAreaChess ,,,,,
9,9,,Dominic,Mat..,16748251,,,,,,
9,9,,Evan,Hof..,16622176,,,,,,
9,9,,Nicholas,N,15403603,,,,,,
9,9,,Daniel ,Mor..,30424176,,,,,,
9,9,,Jasper ,Leu..,30547929,,,,,,
9,9,,Abigail,H,16809062,,,,,,
,15,,Sri Hari,Gny..,32860534,,,,,,
9,9,,Luca,Min..,30701347,,,,,,
9,9,,Edrick,Zha..,30701405,,,,,,
9,9,,Jeffery,Son..,30494523,,,,,,
9,9,,Johan,Kar..,30739273,,,,,,
9,9,,Elbert ,Par..,30060400,,,,,,
9,9,,Wan-Hsing Emma,Che..,30626012,,,,,,
9,9,,Matthew ,Amo..,30834358,,,,,,
9,9,,Aayush,Jha..,30811171,,,,,,
9,9,,Rishi,Rao..,30555045,,,,,,
9,9,,Lucas ,Chi..,16010464,,,,,,
9,9,,Inaaya,Pee..,30750217,,,,,,
9,9,,Rian,Gha..,30409181,,,,,,
9,9,,Raghu,Vol..,17216716,,,,,,
9,9,,Anagha,Dhu..,17003536,,,,,,
9,9,,Youcheng,Zha..,30825750,,,,,,
9,9,,Varish,Utt..,31594296,,,,,,
9,9,,Dia,Sah..,31250418,,,,,,
9,9,,Akshay,Kam..,30517951,,,,,,
9,9,,Eva,Che..,30569999,,,,,,
9,9,,Jeffrey,Liu..,16730325,,,,,,
9,9,,Eli Darin,Hic..,31621014,,,,,,
9,9,,Joel,Vol..,31311830,,,,,,
9,0,9,Nila ,Man..,30069407,BusyGreenFight,,,,,
9,9,,Arjun,Bem..,31186524,,,,,,
9,9,,Sathvik,Sur..,31179054,,,,,,
9,9,,Henry ,Cha..,16775025,,,,,,
9,9,,Siva,Sun..,30287149,,,,,,
9,9,,Levin,Wu..,16138545,,,,,,
9,9,,Arick,Yua..,30512321,,,,,,
9,9,,Shriya,Lak..,31405418,,,,,,
9,9,,Likhith,Boll..,17122100,,,,,,
9,9,,Pramit,Ang..,31525584,,,,,,
9,9,,Samarth,Ban..,31525446,,,,,,
9,9,,Aiden ,Fan..,31465125,,,,,,
9,9,,Maya ,Kar..,31916270,,,,,,
9,9,,Justin,Jia..,31554994,,,,,,
9,9,,Armon,Es..,31554470,,,,,,
9,0,9,Deevansh,Atmakuri,31594251,,,,,,
9,0,9,Gyan,Nahval,31606088,,,,,,
9,0,9,Varun ,Peddu,16280671,,,,,,
9,9,,Maximilian,Och..,31630966,,,,,,
9,9,,Harrison,Qia..,30955685,,,,,,
9,9,,Vedanta,Thu..,30881271,,,,,,
9,9,,Anika ,Var..,31674136,,,,,,
9,9,,Anirudh,Var..,31674142,,,,,,
9,9,,Advait,She..,31818751,,,,,,
9,9,,Benhamin,Jos..,31222413,,,,,,
9,9,,Ethan,Ta..,31234223,,,,,,
9,9,,Tristan,Wan..,31040994,,,,,,
9,0,9,Akshara ,Gelya,16223650,,,,,,
9,0,9,Vishwesh,Kasi,31960062,,,,,,
9,0,9,Namrith,Thatikonda,32027732,,,,,,
9,0,9,Vinvent,Ford,31923117,,,,,,
9,0,9,Dwij,Mazumdar,16646984,,,,,,
9,9,,Aadhya,Dat,30556203,AadhyaDBayAreaChess,,,,,
9,9,,Vedhith,Kau...,32422284,,,,,,
9,9,,Neyan,Bay..,32449991,,,,,,
9,9,,Anakin,Yin..,31390038,,,,,,
9,6,3,Sushanth,Sub...,31525565,,,,,,
9,9,,Rishaan,Des..,32172347,,,,,,
9,9,,Colin,Yeu..,32473904,,,,,,
9,9,,Advaith,Kul..,30839433,,,,,,
9,9,,Aryav,Gup..,32368699,,,,,,
9,9,,Damian,Wal..,32419814,,,,,,
9,9,,Erik,Sha..,32331219,,,,,,
9,9,,Aarna,Sri..,31515429,,,,,,
9,9,,Oleksii,Che..,32046871,,,,,,
15,15,,Adhira,Vik..,32235796,,,,,,
8,8,,Austin ,K,,AustinKBayAreaChess,,,,,
8,8,,Nathan ,M,,NathanMBayAreaChess,,,,,
8,8,,Max,S,,MaxS-FTBAC,,,,,
8,8,,Aiden ,C,,AidenCBayAreaChess,,,,,
8,8,,Aaron ,S,,AaronSBayAreaChess,,,,,
8,8,,Phillip,D,,PhillipDBayAreaChess,,,,,
8,8,,Jerry ,Pa..,,JerryPBayAreaChess,,,,,
8,8,,Elliot,Fen..,,ElliotFBayAreaChess,,,,,
29,29,,Advaith,A,31282574,AdvaithABayAreaChess,,,,,
8,8,,Jeremy,Yu..,,JeremyYBAC,,,,,
8,8,,Shreyanvi,Nan..,,ShreyanviNBAC,,,,,
8,8,,Jasper ,Leu..,,JasperLBayAreaChess,,,,,
8,8,,Nate,Yi..,,NateY-FTBAC,,,,,
8,8,,Warren,L,,WarrenLBayAreaChess ,,,,,
8,8,,Grant,Kel..,,GrantKBAC,,,,,
8,8,,Sriram,N,,SriramNBayAreaChess,,,,,
12,12,,Nicholas,B,,NicholasBBAChess,,,,,
29,20,9,Yodha,Pun..,32703803,,,,,,
8,8,,Dhvani,Sum..,32703958,,,,,,
7,7,,Aaron ,C,,AaronCBayAreaChess,,,,,
7,7,,Advaith,B,,AdvaithBBAC,,,,,
7,7,,Arjun ,C,,ArjunCBayAreaChess,,,,,
7,7,,Benjamin ,L,,BenjaminLBAC1,,,,,
7,7,,Derick ,L,,DerickL-FTBAC,,,,,
7,7,,Lucas ,Y,,PureMeltedCaptain,,,,,
7,7,,Mars,S,,MarsS-FTBAC,,,,,
7,7,,Jacob,Y,,JacobYBayAreaChess,,,,,
7,7,,Rahul,Gol..,,RahulGBAC,,,,,
7,7,,Riley,Gre..,,RileyGBayAreaChess,,,,,
7,7,,Cooper ,Bak..,16893920,CooperBBayAreaChess,,,,,
7,7,,Suhavi,K,,SuhaviKBayAreaChess,,,,,
7,7,,Eshaan,A,,SafeLargePopsicle,,,,,
7,7,,Aryaman,Bha..,,AryamanB,,,,,
7,7,,Alexander ,D,,AlexanderDBAC,,,,,
7,7,,Varick ,M,,VarickMBayAreaChess,,,,,
6,6,,Danell,Una..,30483386,,,,,,
,6,,Achintya,Kow..,32584768,,,,,,
6,6,,Ansh,Vel..,17304114,,,,,,
6,6,,Abhinav,T,16387562,,,,,,
6,6,,Alesami R,O,12911576,,,,,,
6,6,,Anish,P,30260558,,,,,,
6,6,,Anshul,RK,15089371,,,,,,
6,6,,Anvitha,P,16315087,,,,,,
6,6,,Aruna,G,15450915,,,,,,
6,6,,Ashwin,P,16742245,,,,,,
6,6,,Cedric,G,30247147,,,,,,
6,6,,Chinmay,C,16772073,,,,,,
6,6,,Eli,Lan..,17000411,,,,,,
6,6,,Enric,Z,30052165,,,,,,
6,6,,Eric ,JM,30188903,,,,,,
6,6,,Ethan,Lou..,16424747,,,,,,
6,6,,Hridhaan,B,16818546,,,,,,
6,6,,Idan,F,30179024,,,,,,
6,6,,Ilan,P,30227363,,,,,,
6,6,,Isla,Y,17219627,,,,,,
6,6,,Jeremy ,Bel..,16987725,,,,,,
6,6,,Jeremy ,K,12908099,,,,,,
6,6,,Lucas ,Lou..,30793838,LucasLBayAreaChess1,,,,,
6,6,,Nikita,H,16611841,,,,,,
6,6,,Prasanna,V,17000296,,,,,,
6,6,,Rento ,Y,,RentoYBayAreaChess,,,,,
6,6,,Rishika ,T,16781818,,,,,,
6,6,,Saahil,K,15289732,,,,,,
6,6,,Sawyer,B,30182210,,,,,,
6,6,,Shaon,B,30201202,,,,,,
6,6,,Stella,Roc..,32262540,,,,,,
6,6,,Wei Pan,C,30176721,,,,,,
6,6,,Timofey,Nau..,31830596,,,,,,
6,6,,Benjamin ,R,16050963,,,,,,
6,6,,Saanvi,Mop..,31932315,,,,,,
,6,,Ryan ,Wan..,33066917,,,,,,
6,6,,Alice,Hua...,32547413,,,,,,
6,6,,Vallabh,Tel..,30685037,,,,,,
6,6,,Calvin,Wok..,16934592,,,,,,
6,6,,Prahalad,Asw..,32579215,,,,,,
6,6,,Nikhil,N,30282192,,,,,,
6,6,,Sai,Din..,32559347,,,,,,
6,6,,Josiah,Cho..,30527512,,,,,,
6,6,,Aaron,Guo..,31453746,,,,,,
,6,,Anish,Arun..,31765872,,,,,,
,6,,Gio,Yoo..,32792657,,,,,,
6,6,,Diigant,S,16771530,,,,,,
6,6,,Nikhil,K,30275729,,,,,,
6,6,,Tristan,Gom..,,,,,,,
6,6,,Andrew ,Lia...,16447625,,,,,,
6,6,,Diya,P,16063101,,,,,,
6,6,,Joey,P,30313927,,,,,,
6,6,,Leo,Ruu..,31818766,,,,,,
,33,,Nora,Lia..,32465638,,,,,,
,6,,Jacksen,Mod..,2416745,,,,,,
6,6,,Logan ,Tar..,30294839,,,,,,
6,6,,Ronil,M,16812944,,,,,,
6,6,,Vivaan,Kum..,31457358,,,,,,
6,6,,Surya Narayana Murth,N,30319944,,,,,,
,6,,Krish,Kau...,31942180,,,,,,
6,6,,Wenxuan,L,30289815,,,,,,
6,6,,Sriansh,Nee..,32330467,,,,,,
6,6,,Aditya,Nai..,31353151,,,,,,
6,6,,Aryaman,Ver..,31853020,,,,,,
6,6,,Matthew Z.,Wan..,30213973,,,,,,
6,6,,Sebastian,Sha..,32242766,,,,,,
6,6,,Sammy,Bah..,31765698,,,,,,
6,6,,Sai Ansh,Vuk..,30279933,,,,,,
6,6,,Richard,Li..,31635046,,,,,,
6,6,,Amruth ,Set..,16482521,,,,,,
6,6,,Jack,Rot..,15704161,,,,,,
6,6,,Sathvik,Sam..,31358361,,,,,,
6,6,,Liam,Pur..,32544611,,,,,,
,6,,Sanav,Suk..,32597359,,,,,,
6,6,,Smriti,Nar..,31493803,,,,,,
6,6,,Romi,Mil..,30038989,,,,,,
6,6,,Amari,Sim..,,AmariSBayAreaChess,,,,,
6,6,,Andrew ,Gut..,30251240,,,,,,
6,6,,Chase ,S,,ChaseSBayAreaChess,,,,,
6,6,,Dennis,K,,GladSincereDuckling,,,,,
6,6,,Sunkrith ,A,,SunkrithABAC,,,,,
6,6,,Agan,San..,30386578,,,,,,
6,6,,Arjun Hemanth,Gor..,30015823,,,,,,
6,6,,Abhiraam,Vee..,31573958,,,,,,
6,6,,Avani Saroj,Rao..,30068909,,,,,,
6,6,,Arhaan,Dua..,30584559,,,,,,
6,6,,Tobias ,Cuk..,31467779,,,,,,
6,6,,Ravi ,Gan..,16739765,,,,,,
6,6,,Rayan,Das..,16314633,,,,,,
6,6,,Leo,Lan..,31466483,,,,,,
6,6,,Shannon,Li..,17097043,,,,,,
6,6,,Lukas,Jar..,17000055,,,,,,
6,6,,Aaron,Dai..,,AaronD-FTBAC,,,,,
6,6,,Hasini,Cha..,30234358,,,,,,
6,6,,Aahana,Moh..,15868863,,,,,,
6,6,,Aarush,Mal..,30439149,,,,,,
6,6,,Aarushi,Vis..,30441694,,,,,,
6,6,,Adarsh,Sam..,30446393,,,,,,
6,6,,Akhara,Pra..,30440783,,,,,,
6,6,,Allison,Pyl..,30443955,,,,,,
6,6,,Avi,Mal..,30424021,,,,,,
6,6,,Bishal,Das..,17120700,,,,,,
6,6,,Dev,Par..,30380437,,,,,,
6,6,,Dominic,Leu..,17346830,,,,,,
6,6,,Myra,Sin...,30444921,,,,,,
6,6,,Pranav,Siv..,30042911,,,,,,
6,6,,Pranil,Gun..,30033557,,,,,,
6,6,,Romir,Kay..,30445355,,,,,,
6,6,,Sanjana,Aru..,30442377,,,,,,
6,6,,Samantha,Pyl..,30443979,,,,,,
6,6,,Sara,Kun..,16431682,,,,,,
6,6,,Shreya,Sub..,30310285,,,,,,
6,6,,Sumedh,Vuk..,30446917,,,,,,
6,6,,Sumukh,Sub..,30219480,,,,,,
6,6,,Tanish,Vep..,30445535,,,,,,
6,6,,Tansen,Meh..,17203773,,,,,,
6,6,,Tejaswini,Moh..,15868857,,,,,,
6,6,,Varan,Kod..,30095270,,,,,,
6,6,,Abhinav,Jar..,31368139,,,,,,
6,6,,Howard,Liu..,14907955,,,,,,
6,6,,Rahul,Raj..,30445475,,,,,,
6,6,,Sanjith,Sat..,30046396,,,,,,
6,6,,Aaditya,Gup..,30444910,,,,,,
6,6,,Arnav,Tho..,30462940,,,,,,
,6,,Avyaan,Gur..,33060595,,,,,,
6,6,,Elon,Xie..,16964000,,,,,,
6,6,,Sebastian,Ste..,31407011,,,,,,
,6,,Rithvik,Tad..,32067496,,,,,,
6,6,,Felix,Leu..,17202283,,,,,,
,6,,Adhyant,Gur..,33048384,,,,,,
6,6,,Hamilton,Zha..,16414260,,,,,,
24,24,,Anvit,Pal..,32341334,,,,,,
,6,,Vrushitha,Ven..,33068710,,,,,,
6,6,,Karthik,Mey..,17222883,,,,,,
6,6,,Avyan,Gup..,32240172,,,,,,
6,6,,Sachit,Hed..,15654695,,,,,,
6,6,,Abhirath,Sin...,30495349,,,,,,
6,6,,Rayan,Sur..,16999906,,,,,,
6,6,,Ryan ,Kel..,30498058,,,,,,
6,6,,Siddharth,Kal..,30498046,,,,,,
,6,,Rohan ,Rag..,32751903,,,,,,
6,6,,Cilolee,Lee..,,CiloleeLBayAreaChess,,,,,
6,6,,Aslihan,Aka..,30527944,,,,,,
,6,,Ayan,Noo..,32276284,,,,,,
6,6,,Elizabeth,Liu..,30527698,,,,,,
6,6,,Tara,Pre..,16421952,,,,,,
,6,,Karthikeya,Mut..,32621691,,,,,,
6,6,,Alvin,She..,16976464,,,,,,
6,6,,Alex,May..,31903263,,,,,,
6,6,,Nithivraj,Sar..,30381408,,,,,,
6,6,,Yash ,P,,OddOddCharm ,,,,,
6,6,,Yuchen,Lia..,30556248,,,,,,
6,6,,Agrima,Nig..,30213476,,,,,,
6,6,,Ethan,Tia..,30511008,,,,,,
6,6,,Saambhavi,Kar..,16894793,,,,,,
6,6,,Yalin,Gul..,30565247,,,,,,
6,6,,Jayden,Par..,,JaydenPBAC,,,,,
6,6,,Bernie,Hua...,30624619,,,,,,
6,6,,Denny,Hua...,30624572,,,,,,
6,6,,Vennela,Att..,30570461,,,,,,
6,6,,Praval,Vey..,30973393,,,,,,
6,6,,Divik,Gup..,31438700,,,,,,
6,6,,Baylee,Tur..,17023792,,,,,,
6,6,,Samiya,Tal..,30652606,,,,,,
6,6,,Reyansh,Pul..,30650919,,,,,,
6,6,,Blake,Cha..,30701350,,,,,,
6,6,,Murarireddy,Pal..,17102201,,,,,,
6,6,,Andrew ,He..,30688255,,,,,,
6,6,,Moksha,Chi..,30664692,,,,,,
6,6,,Reyansh,Agr..,30683854,,,,,,
6,6,,Aarudra,Kam..,30175211,,,,,,
6,6,,Colton,Par..,30798927,,,,,,
6,6,,Emir,Kan..,16987636,,,,,,
6,6,,Ian,He..,30740622,,,,,,
6,6,,John,Pet..,30792516,,,,,,
6,6,,Jonathan ,Myu..,30676215,,,,,,
6,6,,Kian,Kas..,30729814,,,,,,
6,6,,Prathyay,Kas..,31855462,,,,,,
6,6,,Ren,Cai..,30667007,,,,,,
6,6,,Rishi,Kak..,30518428,,,,,,
78,78,,Ritwik,Sah..,30418328,,,,,,
6,6,,Robert,Che..,30770702,,,,,,
6,6,,Sufyaan,Pat..,30678327,,,,,,
6,6,,Jehan,Ban..,32241692,,,,,,
6,6,,Manvith,Vem..,30172472,,,,,,
,6,,Matthew ,Che..,32797585,,,,,,
6,6,,Kabir,Kul..,30583161,,,,,,
6,6,,Dhyan,Sha..,30656044,,,,,,
6,6,,Saketh,Kol..,30874342,,,,,,
6,6,,Vihan,Bav..,30752480,,,,,,
6,6,,Pradyuan,Ris..,17116222,,,,,,
6,6,,Shreya,San..,30062389,,,,,,
6,6,,Wei,Xu..,31861693,,,,,,
6,6,,William ,Gol..,16887231,WillGBayAreaChess,,,,,
6,6,,Yun-En,Shi..,32296893,,,,,,
6,6,,Isabella,She..,30523504,,,,,,
6,6,,Asher,Meh..,30903846,,,,,,
,12,,Steven,Jes..,32750380,,,,,,
6,6,,Tyler,Hua...,31677730,,,,,,
6,6,,Karanvir,Par..,30507469,,,,,,
6,6,,Rafe ,W,,RafeWBayAreaChess,,,,,
6,6,,Avery,Zha..,30401405,,,,,,
6,6,,Gati,Var..,30220019,,,,,,
6,6,,Dhavanth,Kum..,30920424,,,,,,
6,6,,Niya,Pan...,30742030,,,,,,
6,6,,Nandan,Nar..,30608597,,,,,,
6,6,,Karthik,Ped..,30360334,,,,,,
6,6,,Vishnu,Na..,30608607,,,,,,
6,6,,Taran,Nar..,16775685,,,,,,
6,6,,Akil,Man..,17316055,,,,,,
6,6,,Anthony,Hu..,16406851,,,,,,
6,6,,Liam,McL,30320507,,,,,,
6,6,,Clara,Leu..,31160550,,,,,,
6,6,,Arjun,Mad..,31160545,,,,,,
6,6,,Isshana,Aru..,31080963,,,,,,
6,6,,Leo,Rep..,30982328,,,,,,
6,6,,Siddhant Divas,Pant,31073476,,,,,,
6,6,,Udham,Sin...,31262335,,,,,,
6,6,,Krish Hemal,Sha..,31203268,,,,,,
6,6,,Warren,Yan..,16905244,,,,,,
6,6,,Aleksandr,Bus..,31234531,,,,,,
6,6,,David,Fra..,12365990,,,,,,
6,6,,Arjun Hemal,Sha..,31162895,,,,,,
6,6,,Adithya,Gna..,16560602,,,,,,
6,6,,Tyler,Yan..,31276884,,,,,,
6,6,,Arjun,Raj..,31284796,,,,,,
6,6,,Dylan,Abr..,31026715,,,,,,
6,6,,Dylan,Arn..,31033065,,,,,,
6,6,,Wesley,McP..,31243188,,,,,,
6,6,,Dallas,Po..,31228185,,,,,,
6,6,,Ishaan,Chi..,30611435,,,,,,
6,6,,Payton,Da..-Mu..,31333568,,,,,,
6,6,,Shant,Ars..,31385731,,,,,,
6,6,,Srikanth,Gar...,31362661,,,,,,
6,6,,Parv,Sur..,31260383,,,,,,
6,6,,Vanish,Jai..,31360212,,,,,,
6,6,,Rylen,Ani..,16203326,,,,,,
6,6,,Naashika,Moh..,30283755,,,,,,
,6,,Sohum,Ved..,32544379,,,,,,
6,6,,Samuel,Liu..,30775620,,,,,,
6,6,,Venkat,Kri..,31245103,,,,,,
6,6,,River,Jen..,31215734,,,,,,
6,6,,Presha,Pat..,30624764,,,,,,
,6,,Leonardo,Ari...,32339314,,,,,,
6,6,,Neil,Gan..,30917398,,,,,,
6,6,,Jeremy F,Koo...,16879398,,,,,,
6,6,,Tanmay Bhargav,K,30015702,,,,,,
6,6,,Celine,Sim..,,CelineSBayAreaChess,,,,,
6,6,,Ameya,Cho..,30426904,,,,,,
6,6,,Chakresh,Jul..,30039599,,,,,,
6,6,,Edward,Pan...,16966651,,,,,,
6,6,,Krishiv,Jai..,16268124,,,,,,
6,6,,Thryamb,Gan..,15247524,,,,,,
,6,,Deetya,Gad..,32594615,,,,,,
6,6,,Daivik,Bha..,30511303,,,,,,
6,6,,Aiden ,Zhu.,30141156,,,,,,
6,6,,Grant,Wan..,31016817,,,,,,
6,6,,Priyanshi,Bah..,31503962,,,,,,
6,6,,Vedaanth,Aku..,31474489,,,,,,
6,6,,Samiha,Das..,17064085,,,,,,
6,6,,Alexis,Yea..,17056655,,,,,,
6,6,,Justin,Cha..,31564455,,,,,,
6,3,3,Nandhan,Sar...,31111450,,,,,,
6,3,3,Arjun ,Ano...,31521525,,,,,,
6,0,6,Aarush,Chi...,31525456,,,,,,
6,6,,Omkar ,Gov-Nai..,30298339,,,,,,
6,6,,Nicholas ,She..,30382686,,,,,,
6,6,,Yahya,Sye..,31651378,,,,,,
6,6,,Timothy Pengcheng,Liu..,30205475,,,,,,
6,6,,Nithin,Pra..,31401512,,,,,,
6,6,,Ansh,Kar..,15848043,,,,,,
6,6,,Claire,Cos..,17181044,,,,,,
6,6,,Clarisse,Del..,30079882,,,,,,
6,6,,Hoyin,Xia..,16687497,,,,,,
6,6,,Rusham,Pun..,30436473,,,,,,
6,6,,Satvik,Kat..,30033149,,,,,,
6,6,,Mihra,Man..,30476994,,,,,,
6,6,,Joonooh,Lee..,30630777,,,,,,
6,6,,Aatreya,Jha..,31518876,,,,,,
6,6,,Luisa,Liu..,31502129,,,,,,
6,6,,Mehmet,Yil..,30489673,,,,,,
6,6,,Isaac Zichu,Lu..,31265292,,,,,,
6,6,,Chetan Srisai,Lan..,31157710,,,,,,
,30,,Abhinav,Kar..,33064941,,,,,,
6,6,,Veer,Sac..,31765965,,,,,,
6,6,,Jonathan Yang,Che..,31840282,,,,,,
6,6,,Aaron Evan,Hu..,31930863,,,,,,
6,6,,Samaira,Mam..,31960875,,,,,,
6,6,,Dhruv,Aru..,31966190,,,,,,
6,6,,Shaurya,San..,31772172,,,,,,
6,6,,Aidan,C,,AidanCBAC,,,,,
6,3,3,Ishan,Shellikeri,30637963,,,,,,
6,3,3,Ved,"Dharmatti, Ved",31887633,,,,,,
6,6,,Pranav,Ana..,32028361,,,,,,
6,6,,Suryaprakash,Ran..,31021045,,,,,,
6,6,,Eric ,Gab..,31947788,,,,,,
6,6,,Jason,Cho..,31937684,,,,,,
6,6,,Jackson,Lan..,32064187,,,,,,
6,6,,Saqib,Sin...,32073800,,,,,,
6,6,,Arjun,Sha..,32158243,,,,,,
6,6,,Alejandro,Yan..,32130359,,,,,,
6,6,,Rohan ,Sud..,30398756,,,,,,
6,3,3,Vijay,Jeg..,32324080,,,,,,
6,6,,Darren,Zha..,31261715,,,,,,
6,6,,Prisha,Gup..,32422295,,,,,,
8,8,,Sashakt,A,,SashaktABAC,,,,,
6,6,,Leux,CS,,TopTenderGhost,,,,,
6,3,3,Sriya,Sujith,31819355,,,,,,
6,6,,Gowan,Lin..,32379798,,,,,,
81,75,6,Pranav,Sin...,32038807,,,,,,
6,6,,Yoonje,Lee..,,,,,,,
6,6,,Saicharan,Bal..,32302701,,,,,,
15,6,9,Ethan,Hab..,32525519,,,,,,
6,6,,Karthik,Bha..,17007812,,,,,,
6,6,,Pranav,Bhi..,31565396,,,,,,
6,6,,Ron,Kra..,32496018,,,,,,
6,6,,Sreekar,Dan..,32489969,,,,,,
6,6,,Owen,Hus..,32425590,,,,,,
6,6,,Aayush,Kum..,32518916,,,,,,
6,6,,Geerthan,Dha..,32307722,,,,,,
6,6,,Jayden,Won..,31677624,,,,,,
6,3,3,Nishvanth,Jegan,32512854,,,,,,
6,3,3,Marko,Marko,,,,,,,
12,12,,Iksha,Nai..,32337820,,,,,,
6,6,,Marko,Kos..,,,,,,,
6,6,,Aavish,Muj...,31979868,,,,,,
12,12,,Yashmit,Mal..,30430962,YashmitMBAC,,,,,
6,6,,Atharva,Kud..,32579719,,,,,,
6,6,,Sahana,Dev..,32700676,,,,,,
6,6,,Ava,Lam..,32591411,,,,,,
6,6,,Damian,W,,DamianWBAC,,,,,
6,6,,Michael,Gol..,32210280,,,,,,
6,6,,Adam,Eli..,32788773,,,,,,
6,6,,Maisy,Mok..,32173491,,,,,,
12,3,9,Aditya,Raj..,32599176,,,,,,
126,126,,Aayush,Bha..,32560271,,,,,,
5,5,,Advik ,P,,AdvikPBayAreaChess,,,,,
5,5,,Agastya,P,17007373,AgastyaPBayAreaChess,,,,,
5,5,,Brian Chao-Yung,C,,BrianCBayAreaChess1,,,,,
5,5,,Reyaan ,J,,ReyaanJBayAreaChess,,,,,
5,5,,Vivaan ,J,,VivaanJBayAreaChess,,,,,
5,5,,Ishan ,We,,IshanWBayAreaChess,,,,,
5,5,,Sidharth,S,,SidharthSBAC,,,,,
5,5,,Skyler,T,,SkylerTBayAreaChess ,,,,,
44,44,,Dhruva,Vel..,17024334,DhruvaVBayAreaChess,,,,,
5,5,,Wesley,Row..,,WesleyRBayAreaChess,,,,,
5,5,,Kevin ,L,,KevinLBayAreaChess,,,,,
5,5,,Tanush,Pat..,,TanushPBayAreaChess,,,,,
5,5,,Sophie ,V,,SophieVBayAreaChess,,,,,
5,5,,CONOR ,L,,ConorLBayAreaChess,,,,,
5,5,,Kushal,Jon..,,KushalJBayAreaChess,,,,,
5,5,,Ayansh,V,,AyanshVBAC ,,,,,
5,5,,Rishika ,Sar..,,RishikaSBayAreaChess ,,,,,
5,5,,Akshaj,PSR,,AkshajPSRBAC,,,,,
5,5,,Joseph,L,,JosephLBAChess2,,,,,
5,5,,Neev ,Gro..,,NeevGBayAreaChess ,,,,,
5,5,,Aaditya,K,,AadityaKBAC,,,,,
5,5,,Vidyuth ,P,,VidyuthPBayAreaChess,,,,,
5,5,,Jacob,L,,JacobLBayAreaChess,,,,,
4,4,,Anay ,M,,AnayMBayAreaChess,,,,,
4,4,,Ashley ,A,,AshleyABayAreaChess,,,,,
4,4,,Ethan ,H,,EthanHBAC,,,,,
4,4,,Jeffrey,Q,,MegaHuskyBoat,,,,,
4,4,,Ryan ,K,,RyanKBayAreaChess ,,,,,
4,4,,Andrew ,H,,AndrewHuBAC,,,,,
4,4,,Rishan,Gho..,,RishanGBayAreaChess,,,,,
4,4,,Yuuki ,A,,"YuukiABayAreaChess",,,,,
4,4,,Adithya,Ara..,,FairVividBamboo,,,,,
4,4,,Preston,Mai..,,PrestonMBayAreaChess,,,,,
4,4,,Evan,Han..,,EvanH-FTBAC,,,,,
4,4,,Ismail,N-G,,IsmailNGBAC,,,,,
4,4,,Archer ,T,,ArcherTBayAreaChess,,,,,
4,4,,Neel,N,,NeelNBAC,,,,,
4,4,,Anant,Pak..,,AnantPBayAreaChess,,,,,
4,4,,Jacob,Gro..,,IcyLightField,,,,,
4,4,,Rohan,Ban..,,RohanBBAC,,,,,
4,4,,Naya,R,,NayaRBayAreaChess ,,,,,
3,3,,Aadhi,E,,CombativeDesign,,,,,
3,3,,Andrew ,EG,16461566,,,,,,
3,3,,Arin ,S,,ArinSBayAreaChess,,,,,
3,3,,Beckett,Sho..,30505112,,,,,,
3,3,,Elise ,B,16654544,,,,,,
3,3,,Harrison,R,16904476,,,,,,
3,3,,Jasper ,V,,JasperVBayAreaChess,,,,,
3,3,,Joseph,H,17105751,,,,,,
3,3,,Joshua ,K,,FineElectricOgre,,,,,
3,3,,Neal ,S,,NealSBayAreaChess,,,,,
3,3,,Ryan ,R,12929686,,,,,,
3,3,,Sagar,M,30235075,,,,,,
3,3,,Serena,Y,16843308,,,,,,
3,3,,Stephen,PB,16448180,,,,,,
3,3,,Vedanth,C,15729437,,,,,,
3,3,,Bryan,E,,BryanE-FTBAC,,,,,
3,3,,Gohan,V,,GohanVBayAreaChess,,,,,
3,3,,Riya ,Ary..,31814985,,,,,,
3,3,,Lucas ,L,,LucasLBayAreaChess,,,,,
3,3,,Samrath,B,17340688,,,,,,
3,3,,Sivam,Yad..,30236696,,,,,,
3,3,,Vivaan Junbo Basu,Mal..,17329355,,,,,,
3,3,,Karthik,Ped..,,KarthikPBayAreaChess,,,,,
3,3,,Evan,Shi..,,EvanS-FTBAC,,,,,
3,3,,Sunkyu,K,,SunkyuKBayAreaChess,,,,,
3,3,,Hitesh,Kun..,31590385,,,,,,
3,3,,Jacob,Yan..,,JacobYBAC,,,,,
3,3,,Aayan,M,,AayanMBAC,,,,,
3,3,,Gordon,D,,GordonD-FTBAC,,,,,
3,3,,Weize,Guo..,32054792,,,,,,
3,3,,Anirudh,Jas..,31528100,,,,,,
3,3,,Edward,Yan..,,EdwardY-FTBAC,,,,,
3,3,,Andy,Zho..,,AndyZ-FTBAC,,,,,
3,3,,Zixiao,Zha..,30431473,,,,,,
,3,,Liam,Kro..,32836115,,,,,,
,3,,Riyansh,Kol..,32567585,,,,,,
3,3,,Ishaan,Bab..,,IshaanBBayAreaChess,,,,,
,3,,Eric ,Joy..,32527838,,,,,,
3,3,,Harrison,Wan..,30508713,,,,,,
,3,,Vinayak,Gul..,32919692,,,,,,
3,3,,Wesley,Won..,,WesleyWBayAreaChess,,,,,
3,3,,Daniel,Nau..,31830658,,,,,,
3,3,,Aurora,Ste..,30145035,,,,,,
,15,,Sriansh ,Mag..,32886349,,,,,,
3,3,,Dylan,Tan..,16551237,,,,,,
3,3,,Thomas,Gu..,17005685,,,,,,
3,3,,Ethan,Guo..,16761994,,,,,,
3,3,,Patrick,Liu..,16667410,,,,,,
3,3,,Rohan ,Raj..,15739716,,,,,,
3,3,,Ethan Yishen,Wan..,15805685,,,,,,
3,3,,Ray,Tsa..,,RayTBayAreaChess,,,,,
3,3,,Aarna,Gan..,30570427,,,,,,
3,3,,Russell,H,,LateWackyDog,,,,,
3,3,,Avery,Lin..,,AveryL-FTBAC,,,,,
3,3,,Rudransh,Kum..,,RudranshKBAC,,,,,
3,3,,Makar ,Z,,MakarZBayAreaChess,,,,,
3,3,,Alex,H,,AlexHBAChess,,,,,
3,3,,Kai,Z,,KaiZBayAreaChess,,,,,
,3,,Hamza,Shi..,32227691,,,,,,
3,3,,Harsha,K,,HarshaKBAC,,,,,
3,3,,Mihir,Kul..,,MihirKBayAreaChess,,,,,
3,3,,Sameera,Gad..,30518079,,,,,,
3,3,,Ishaan,Sin...,17223886,,,,,,
,6,,Siddharth,Ram..,32901879,,,,,,
3,3,,Brian,Har..,30235062,,,,,,
,3,,Yang,Hon..,32890408,,,,,,
3,3,,Marcus Jeremy,Cas..,30290420,,,,,,
3,3,,Raghav,Kan..,30663240,,,,,,
3,3,,Krish,Jag..,31971253,,,,,,
3,3,,Aayan,Bha..,30509867,,,,,,
3,3,,Kairav,K,,KairavKBayAreaChess,,,,,
3,3,,Asher,Ful..,,AsherFBayAreaChess ,,,,,
3,3,,Matias,Sol..,30826055,,,,,,
3,3,,Sean ,Z,,SeanZBayAreaChess ,,,,,
3,3,,Tejas,P,,TejasPBayAreaChess,,,,,
,3,,Jacob,Lem..,32809550,,,,,,
,3,,Shreyan,Roy..,30512258,,,,,,
3,3,,Bala Adithya,Ana..,30899060,,,,,,
21,21,,Arvin ,Yad..,32326683,,,,,,
3,3,,Luke,Zho..,,LeftGiftedTray,,,,,
3,3,,Amin,Ass..,32330779,,,,,,
,3,,Aadhya,Kum..,32102102,,,,,,
,3,,Advita,Put..,31957801,,,,,,
3,3,,Benjamin ,Lep..,31075142,,,,,,
3,3,,Karim,Ass..,32330785,,,,,,
3,3,,Ayush,Tal..,16422673,,,,,,
3,3,,Shaurya,Jai..,,ShauryaJBayAreaChess,,,,,
3,3,,Hannah,Leu..,31160564,,,,,,
,15,,Yiyang,Che..,32381786,,,,,,
3,3,,Lucas ,Tar..,31275809,,,,,,
3,3,,Aniket,J,,AniketJBayAreaChess,,,,,
3,3,,Bear,X,,BearX-FTBAC,,,,,
3,3,,Kiranya,Ch..,31477499,,,,,,
3,3,,Avadhut,Mah..,31097126,,,,,,
3,3,,Yakshith,Bud..,31523447,,,,,,
,3,,Sean ,Fen..,31300772,,,,,,
3,3,,Samuel,Leo..,30700120,,,,,,
,3,,Nayely,Mar..,32794571,,,,,,
3,3,,Victor,Cha..,30760848,,,,,,
,3,,Daniela,AP,33083164,,,,,,
3,3,,Vihan ,G,,VihanGBayAreaChess,,,,,
3,3,,Avery,Wu..,31549868,,,,,,
3,0,3,Srihan,Gan..,31521663,,,,,,
3,0,3,Tejas,Re...,31278777,,,,,,
3,0,3,Riyansh,Kommidi,31547152,,,,,,
3,3,,Artyom,Smi.,31669980,,,,,,
3,3,,Nirvan,Raj..,31651223,,,,,,
3,3,,Cody,Top..,16182004,,,,,,
3,3,,Vaibhav,Ala..,31704506,,,,,,
3,0,3,Advait,She..,,,,,,,
3,3,,Anthony,Mik..,,AnthonyMBAChess,,,,,
15,15,,Viraaj,Chi..,32528994,,,,,,
3,3,,Pavel,M,,PavelMBayAreaChess,,,,,
3,3,,Oliver,Pan...,32028721,,,,,,
3,3,,Saisha,Bas..,31979160,,,,,,
3,3,,Adrit,Gho..,30580346,,,,,,
3,3,,Hudson,Lan..,32064170,,,,,,
3,3,,Zander,Lin..,,MellowPower,,,,,
3,3,,Bhavya ,G,,BhavyaGBayAreaChess,,,,,
3,3,,Lucas ,Liu..,31989431,,,,,,
3,3,,Jiana,K,,JianaKBayAreaChess,,,,,
3,3,,Deryck,C,,DeryckCBayAreaChess,,,,,
3,3,,Lewis,Ge..,32447778,,,,,,
,3,,Amayra,Moh,33072167,,,,,,
3,3,,Michael,Shi..,,MichaelSBAChess,,,,,
3,3,,Doyun,Kim..,32437433,,,,,,
3,3,,Agamveer,Sin...,30885229,,,,,,
3,3,,Kavin,Pra..,31797014,,,,,,
3,0,3,Aarav,Kum..,32092304,,,,,,
3,3,,Akshay,Pra..,32485887,,,,,,
3,3,,Jovan,Sin...,32345570,,,,,,
3,3,,Aryaa,Sri..,32495312,,,,,,
3,3,,Liam,Par..,32521089,,,,,,
3,3,,Nathan ,Jho..,32449312,,,,,,
3,3,,Julian,Jua..,32496703,,,,,,
3,3,,Waylen,Lok..,32524819,,,,,,
3,3,,Kaya,G,,KayaGBayAreaChess,,,,,
3,3,,Elliot,T,,ElliotTBayAreaChess,,,,,
18,18,,Tejas,Sud..,32629278,,,,,,
6,6,,Shiv,J,,ShivJBayAreaChess,,,,,
123,123,,Keith,Man..,32622778,,,,,,
3,3,,Boyan,Pel..,32683636,,,,,,
3,3,,Rishaan,Nai..,30632658,,,,,,
3,3,,Akshat,Dew..,32519936,,,,,,
3,3,,Evelyn,Yeh..,31609972,,,,,,
39,39,,Douglas,Zha..,32691898,,,,,,
3,3,,Zoey,Pau..,32500421,,,,,,
3,3,,Jenny,Sun..,32544677,,,,,,
3,3,,Rushandru,Sen..,32623664,,,,,,
2,2,,Aarush,V,,AarushVBayAreaChess,,,,,
2,2,,Aarush,K,,AarushKBaChess,,,,,
2,2,,Adarsha,D,,AdarshaDBayAreaChess,,,,,
2,2,,Alex ,C,,NextSkilledRoyalty ,,,,,
2,2,,Arvin ,A,,Thechessmaster1,,,,,
2,2,,Avik,A,,AvikABayAreaChess,,,,,
2,2,,Cameron ,N,,CameronNBayAreaChess,,,,,
2,2,,Ethan ,Yel..,,EthanYBAC,,,,,
2,2,,Everett ,L,,EverettLBayAreaChess,,,,,
2,2,,Hugo ,M,,HugoMBayAreaChess,,,,,
2,2,,Isaac ,Y,,IsaacYBayAreaChess,,,,,
2,2,,Jackson ,P,,JacksonPBayAreaChess,,,,,
2,2,,Jeremy ,B,,JeremyBBAC,,,,,
2,2,,Jeremy ,Z,,JeremyZBayAreaChess,,,,,
2,2,,Josh ,M.,,JoshMBayAreaChess,,,,,
2,2,,Jyothis ,J,,GoldenRookBAC,,,,,
2,2,,Krishivar ,N,,KrishivarNBayAreaChess,,,,,
2,2,,Kyle,Z,,KyleZ-FTBAC,,,,,
2,2,,Louka ,W,,LoukaWBayAreaChess,,,,,
2,2,,Luke,H,,LukeH-FTBAC,,,,,
2,2,,Maggie ,S,,"maggiesun",,,,,
2,2,,Maxim,T,,MaximTBayAreaChess,,,,,
2,2,,Mithra,M,,MithraMBayAreaChess,,,,,
2,2,,Mridula ,B,,MridulaBBayAreaChess,,,,,
2,2,,Nabil,R,,NabilRBayAreaChess,,,,,
2,2,,Nitya ,U,,NityaUBayAreaChess ,,,,,
2,2,,Noah ,L,,NoahLBayAreaChess ,,,,,
2,2,,Noah ,R,,NoahRBAC,,,,,
2,2,,Richfield ,C,,RichfieldCBAC,,,,,
2,2,,ROUNAK ,S,,RounakSBayAreaChess ,,,,,
2,2,,RUSSELL ,N,,RussellNBayAreaChess ,,,,,
2,2,,Ryan ,N,,RyanNBayAreaChess ,,,,,
2,2,,Sri ,C,,SriCBayAreaChess,,,,,
2,2,,Sudharshini ,R,,SudharshiniRBAC,,,,,
2,2,,Temujin ,B,,TemujinBBayAreaChess,,,,,
2,2,,Trevor,C,,Ancientdragonninja,,,,,
2,2,,Vidyuth ,H,,VidyuthHBayAreaChess,,,,,
2,2,,Vivaan ,S,,VivaanSBayAreaChess,,,,,
2,2,,Divya,Chi..,,DivyaCBayAreaChess,,,,,
2,2,,Justice,Pen..,,JusticeP-FTBAC,,,,,
2,2,,Ryan ,Li..,,RyanL-FTBAC,,,,,
2,2,,Rynshall ,Che,,RynshallCBAC,,,,,
2,2,,Dhyan,Sha..,,DhyanSBayAreaChess,,,,,
2,2,,Dhruv,Sha..,,DhruvSBAC,,,,,
2,2,,Conrad ,S,,ConradSBayAreaChess,,,,,
2,2,,Ryan ,Kuo..,,RyanKBAChess,,,,,
2,2,,Siddh,D,,SiddhDBayAreaChess,,,,,
2,2,,Evan,Luo..,,EvanLuo-FTBAC,,,,,
2,2,,Jiyan,S,,JiyanSBayAreaChess,,,,,
2,2,,Kabir,R,,KabirRBayAreaChess,,,,,
2,2,,Stella,S,,StellaSBayAreaChess,,,,,
2,2,,Mason,D,,MasonDBayAreaChess,,,,,
2,2,,Max ,T,,MaxTBAC,,,,,
2,2,,Sydney,Yiu..,,SydneyYBayAreaChess,,,,,
2,2,,Eddie,Li..,,EddieLi,,,,,
2,2,,Miles,Y,,MilesY-FTBAC,,,,,
2,2,,Orion,S,,OrionSBayAreaChess,,,,,
2,2,,Daniel,Par..,,DanielPBAChess,,,,,
2,2,,Caden,C,,CadenCBayAreaChess,,,,,
2,2,,Lucas ,Z,,LucasZ-FTBAC,,,,,
2,2,,Sophi,B,,SophiB-FTBAC,,,,,
2,2,,Alexander ,Zha..,,AlexanderZ-FTBAC,,,,,
2,2,,Ayush,G,,AyushGBayAreaChess,,,,,
2,2,,Wynn ,H,,WynnHBayAreaChess,,,,,
2,2,,Sanil,Nir..,,NewFineNet,,,,,
2,2,,Toby,Neu..,,TobyNBayAreaChess,,,,,
2,2,,Patrick,Y,,PatrickYBAC,,,,,
2,2,,Arani,Vat..,,TashiRocks,,,,,
2,2,,Sahsa,F,,SashaFBayAreaChess,,,,,
2,2,,Brian,L,,BrianLBAChess,,,,,
2,2,,Andrew ,Chi..,,AndrewCBAC,,,,,
2,2,,Evan,O'k..,,EvanOBayAreaChess,,,,,
2,2,,Pranav,Duv..,,PranavDBayAreaChess,,,,,
2,2,,Lin,Li..,,LinLBayAreaChess,,,,,
2,2,,Steven,Zhu..,,StevenZ-FTBAC,,,,,
2,2,,Zakariya ,H,,ZakariyaHBayAreaChess,,,,,
2,2,,Jonah,Z,,JonahZBayAreaChess,,,,,
2,0,2,Kaplan,H,,KaplanHBayAreaChess,,,,,
2,2,,Ethan,L,,EthanLBAC,,,,,
2,2,,Kyle,Kam..,,KyleKamBAC,,,,,
2,2,,Nikhil,Pra..,,NikhilPBayAreaChess,,,,,
2,2,,Nathan ,L,,NathanLE,,,,,
2,2,,Aareet,G,,AareetGBAC,,,,,
1,1,,Stanley,W,,StanleyWBayAreaChess,,,,,
1,1,,A,C,,ACampion,,,,,
1,1,,Aakarsh,S,,AakarshSBayAreaChess,,,,,
1,1,,Aamir,A,,AamirABAC,,,,,
1,1,,Aaron ,R,,AaronRBAC,,,,,
1,1,,Adam ,H,,AdamHBayAreaChess,,,,,
1,1,,Adithya,S,,AdithyaSBayAreaChess,,,,,
1,1,,Aditya,G,,TinyMindlessName,,,,,
1,1,,Aditya ,P,,Dugbug_1,,,,,
1,1,,Ahana,K,,AhanaKBayAreaChess,,,,,
1,1,,Aiden ,W,,AidenWBayAreaChess,,,,,
1,1,,Aiden ,X,,AidenXBayAreaChess,,,,,
1,1,,Akul,S,,Akuschess,,,,,
1,1,,Alan ,J,,AlanJBayAreaChess,,,,,
1,1,,Alexander ,Kah..,,AlexanderKBAC,,,,,
1,1,,Alexandra,N,,BattleUnicorn,,,,,
1,1,,Amelia ,S,,AmeliaSBayAreaChess,,,,,
1,1,,Anagh Nag ,P,,AnaghNag,,,,,
1,1,,Andre,A,,AndreABAC,,,,,
1,1,,Andrei,B,,AndreiBBayAreaChess,,,,,
1,1,,Ani,S,,AniSBayAreaChess,,,,,
1,1,,Anika ,K,,AnikaKBayAreaChess,,,,,
1,1,,Animesh,B,,AnimeshBBayAreaChess,,,,,
1,1,,Anirudh,J,,AnirudhJBayAreaChess,,,,,
1,1,,Anthony,B,,AnthonyBBayAreaChess,,,,,
1,1,,Anthony,C,,AnthonyCBayAreaChess,,,,,
1,1,,Arham,K,,ArhamKBaChess,,,,,
1,1,,Arie,V,,ArieVBayAreaChess,,,,,
1,1,,Arjum ,A,,ArjumABayAreaChess,,,,,
1,1,,Arjun,,,Mathma9ic1,,,,,
1,1,,Arkar ,T,,ArkarTBayAreaChess,,,,,
1,1,,Arlo ,L,,ArloLBayAreaChess,,,,,
1,1,,Armaan ,P,,ArmaanPBAC,,,,,
1,1,,Arya ,K,,AryaKBayAreaChess,,,,,
1,1,,Ashwin ,R,,AshwinRBayAreaChess,,,,,
1,1,,Aaditey,P,,AaditeyPBAC,,,,,
1,1,,Asteya ,L,,AsteyaLBayAreaChess,,,,,
1,1,,Athan ,P,,AthanPBayAreaChess,,,,,
1,1,,Austin ,Z,,"AustinZBayAreaChess",,,,,
1,1,,Avaneesh,K,,AvaneeshKBAC,,,,,
1,1,,Ayaan,B,,bhayaan,,,,,
1,1,,Beatrice,H,,BeatriceH415,,,,,
1,1,,Bela,V,,BelaVBayAreaChess,,,,,
1,1,,Benjamin ,W,,"BenjaminWBAC",,,,,
1,1,,Braden,C,,BradenCBayAreaChess,,,,,
1,1,,Brandon ,M,,BrandonMBayAreaChess,,,,,
1,1,,Brayton,C,,BraytonCBayAreaChess,,,,,
1,1,,Caleb ,Y,,CalebYBayAreaChess,,,,,
1,1,,Calvin ,H,,CalvinHBayAreaChess,,,,,
1,1,,Calvin ,S,,CalvinSBayAreaChess,,,,,
1,1,,Chloe,C,,ChloeCBayAreaChess,,,,,
1,1,,Christopher,S,,ChristopherS-FTBAC,,,,,
1,1,,Christopher,T,,,,,,,
1,1,,Conrad ,B,,NiceUsefulPotato,,,,,
1,1,,Daniel,Yan,,DanielY-FTBAC,,,,,
1,1,,Darwin ,D,,DarwinDSBAC,,,,,
1,1,,David,Cha..,,DavidCBayAreaChess,,,,,
1,1,,Derek,D,,DerekDBAC,,,,,
1,1,,Desmond ,M,,DesmondMBayAreaChess,,,,,
1,1,,Diksha,G,,DikshaGBayAreaChess,,,,,
1,1,,Dillon,W,,DillonW-DMBAC,,,,,
1,1,,Doris,DZ,,DorisDZBayAreaChess,,,,,
1,1,,Duke ,R,,DukeRBayAreaChess,,,,,
1,1,,Dylan,R,,DylanRBayAreaChess,,,,,
1,1,,Eric ,C,,EricC-EEBAC,,,,,
1,1,,Eric ,Z,,EricZBAC1,,,,,
1,1,,Ethan,G,,Ethan57,,,,,
1,1,,Ethan,T,,EthanTBAC,,,,,
1,1,,Ethelyn ,L,,EthelynLBAC,,,,,
1,1,,Evan,S,,EvanSBaChess,,,,,
1,1,,Henry ,B,,HenryBBAC,,,,,
1,1,,Henry ,D,,HenryDBAC,,,,,
1,1,,Isaac ,R,,IsaacRobBAC,,,,,
1,1,,Ishaan,K,,IshaanKBAC1,,,,,
1,1,,Ishan,D-P,,"IshaanDPBayAreaChess",,,,,
1,1,,Ishan ,K,,IshanKBayAreaChess,,,,,
1,1,,Jack ,C,,JackCBayAreaChess,,,,,
1,1,,Jack ,S,,JackSBAC,,,,,
1,1,,Jamyandagva ,Z,,JamyandagvaZBAC,,,,,
1,1,,Jethro,H,,JethroHBayAreaChess,,,,,
1,1,,Jordan,L,,ShySturdyBull,,,,,
1,1,,Joshua ,Guz..,,JoshuaGBayAreaChess,,,,,
1,1,,Joshua ,U,,JoshuaUBAC,,,,,
1,1,,Kabir,O,,KabirOBayAreaChess,,,,,
1,1,,Kai,S,,KaiSBayAreaChess,,,,,
1,1,,Kai ,L,,KaiLBayAreaChess,,,,,
1,1,,Kaili,,,KailiBayAreaChess,,,,,
1,1,,Kartheek,Y,,Kartheeky,,,,,
1,1,,Kendall,P,,KendallPBayAreaChess,,,,,
1,1,,Kenji ,K,,KenjiKBayAreaChess,,,,,
1,1,,Kylie ,M,,KylieMBayAreaChess,,,,,
1,1,,Lucca ,L,,LuccaLBayAreaChess,,,,,
1,1,,Lukai,C,,LukaiC-FTBAC,,,,,
1,1,,Luljeta,M,,Lulicakes,,,,,
1,1,,Maielle ,O,,MaielleOBayAreaChess,,,,,
1,1,,Manas ,G,,ManasGBayAreaChess,,,,,
1,1,,Manoj ,G,,ManojGBayAreaChess,,,,,
1,1,,Marcus,E,,marcusEBayAreaChess,,,,,
1,1,,Mark ,A,,MarkABayAreaChess,,,,,
1,1,,Max ,B,,MaxBBayAreaChess,,,,,
1,1,,Megha ,R,,MeghaRBayAreaChess,,,,,
1,1,,Mehul,B,,MehulBBayAreaChess,,,,,
1,1,,Michael,D,,MichaelD-FTBAC,,,,,
1,1,,Michael,Q,,MichealQBayAreaChess,,,,,
1,1,,Millen ,S,,MillenSBayAreaChess,,,,,
1,1,,Myra ,K,,MyraKBayAreaChess,,,,,
1,1,,Nathan ,L,,NathanLBAChess,,,,,
1,1,,Neel,R,,NeelRBayAreaChess ,,,,,
1,1,,Nick,L,,BigFlyingSwing,,,,,
1,1,,Nisha,S,,NishaSBAC,,,,,
1,1,,Nivriti,Ng,,NivritiNBAC,,,,,
1,1,,Noah ,S,,NoahSBayAreaChess ,,,,,
1,1,,Param,R,,ParamRBayAreaChess,,,,,
1,1,,Parsa ,M,,ParsaMBayAreaChess,,,,,
1,1,,Pratyush ,M,,PratyushMBAC,,,,,
1,1,,Prerna ,G,,PrernaGBayAreaChess,,,,,
1,1,,Reyansh,C,,ReyanshCBayAreaChess,,,,,
1,1,,Ria ,V,,RiaVBayAreaChess,,,,,
,1,,Rithvik,T,,RithvikTBAC,,,,,
1,1,,Ritvik,U,,RitvikUBayAreaChess,,,,,
1,1,,Riya,D,,RiyaDBayAreaChess,,,,,
1,1,,Rohan ,S,,RohanSBayAreaChess ,,,,,
1,1,,Roy,W,,RoyWBayAreaChess,,,,,
1,1,,Ryan ,A,,RyanABAChess ,,,,,
1,1,,Saisha,B,,SaishaBBayAreaChess,,,,,
1,1,,Sai Srikar ,T,,SaiSTBayAreaChess ,,,,,
1,1,,Samaira,H,,SamairaHBayAreaChess,,,,,
1,1,,Shaan,Moh..,,ShaanMBAC,,,,,
1,1,,Shane ,G,,ShaneGBayAreaChess ,,,,,
1,1,,Shantanu ,M,,ShantanuMBAC ,,,,,
1,1,,Shawn ,L,,"ShawnLBayAreaChess",,,,,
1,1,,Shreyash ,A,,ShreyashABayAreaChess ,,,,,
1,1,,Siddharth ,P,,SiddharthPBayAreaChess ,,,,,
1,1,,Siddharth ,S,,SiddharthSBAC ,,,,,
1,1,,Sophie ,M,,"SophieMBAC",,,,,
1,1,,Srishom,B,,SrishomBBayAreaChess,,,,,
1,1,,Stanley,L,,StanleyLBayAreaChess,,,,,
1,1,,Suhani,Wad..,,SuhaniWBayAreaChess,,,,,
1,1,,Tattvam ,C,,TattvamCBayAreaChess,,,,,
1,1,,Tejila,K,,TopJazzyUniverse,,,,,
1,1,,Timon ,G,,TimonGBayAreaChess,,,,,
1,1,,Trisha,Bho..,,TrishaBBayAreaChess,,,,,
1,1,,Ushoshi,D,,UshoshiDBayAreaChess,,,,,
1,1,,Varun ,Ped..,,VarunPBAC,,,,,
1,1,,Varun ,P,,VarunPBayAreaChess,,,,,
1,1,,Varun ,R,,VarunRBayAreaChess,,,,,
1,1,,Vihan ,B,,VihanBBayAreaChess,,,,,
1,1,,Vikram,S,,VikramSBAC,,,,,
1,1,,VISHANK ,S,,VishankSBayAreaChess,,,,,
1,1,,Vivaan,Iye..,,VivaanIBayAreaChess,,,,,
1,1,,Walden ,T,,WaldenTBayAreaChess,,,,,
1,1,,Weldon,P,,WeldonPBayAreaChess,,,,,
1,1,,Wenyuan ,X,,WenyuanXBayAreaChess,,,,,
1,1,,Will ,G,,WGutknechtBAC,,,,,
1,1,,William ,L,,WilliamLBayAreaChess,,,,,
1,1,,William ,T,,WilliamTBayAreaChess,,,,,
1,1,,Winston ,K,,WinstonKBayAreaChess,,,,,
1,1,,Yoav ,Y,,YoavYBayAreaChess,,,,,
1,1,,Youxi,L,,YouxiLBayAreaChess,,,,,
1,1,,Zachary,H,,ZacharyHBayAreaChess,,,,,
1,1,,Zoe,V,,ZoeVBayAreaChess,,,,,
1,1,,Viraj,Jin..,,VirajJBayAreaChess,,,,,
1,1,,Mahira,Yan..,,MahiraY,,,,,
1,1,,Jaylin,Rob..,,JaylinRBayAreaChess,,,,,
1,1,,Adam ,L,,AdamLBAC1,,,,,
1,1,,Andrew ,L,,AndrewLBAC1,,,,,
,4,,Zach,J,,ZachJBAC,,,,,
1,1,,Colin,Poe..,,ZanyTestedMelon,,,,,
1,1,,Donovan,Car..,,KidAsteroid,,,,,
1,1,,Josh,K,,JoshKBayAreaChess,,,,,
1,1,,Krish,P,,KrishPBayAreaChess,,,,,
1,1,,Mia,K,,MiaKBAC,,,,,
1,1,,Nolan,W,,NolanWBayAreaChess,,,,,
1,1,,Sreejith,AM,,SreejithAMBAC,,,,,
1,1,,Kental,W,,KentalWBAC,,,,,
1,1,,Vishnu,P,,VishnuPBAC,,,,,
1,1,,Viraj,Bal..,,VirajBBayAreaChess,,,,,
1,1,,Arya ,Val..,,AryaVBayAreaChess,,,,,
1,1,,Erin,Chu..,,ErinCBayAreaChess,,,,,
1,1,,Aurko,Bij..,,AurkoBBayAreaChess,,,,,
1,1,,Joshua ,Yu..,,JoshuaYBayAreaChess,,,,,
1,1,,Aria,I,,AriaIBayAreaChess,,,,,
1,1,,Ethan,D,,EthanDBayAreaChess,,,,,
1,1,,Mrinali,K,,MrinaliKBayAreaChess,,,,,
1,1,,Shreyas,N,,ShreyasNBayAreaChess,,,,,
1,1,,Celine,Que..,,CelineQ-FTBAC,,,,,
1,1,,Vivian,Wu..,,VivianWFTBAC,,,,,
1,1,,Yugo,Ban,,YugoBBayAreaChess,,,,,
1,1,,Rishi,Kak..,,RishiKBayAreaChess,,,,,
1,1,,Jerrick,Yon..,,JerrickYBayAreaChess,,,,,
1,1,,Owen,Che..,,OwenCBAC,,,,,
1,1,,Aarys,Cha..,,AarysCBayAreaChess,,,,,
1,1,,Andreana,Ger..,,AndreanaGBAC,,,,,
1,1,,Arika,Upa..,,ArikaUBayAreaChess,,,,,
1,1,,Ayansh ,Upa.,,AyanshUBayAreaChess,,,,,
1,1,,Collin,Wan..,,CollinWBAC,,,,,
1,1,,Jonathan,Pan..,,JonathanPBAC,,,,,
1,1,,Kabir,Rit..,,KabirRBAC,,,,,
1,1,,Saaheybb,Man..,,SaaheybbMBAC,,,,,
1,1,,Travis,Won..,,TravisWBayAreaChess,,,,,
1,1,,Itai,Fis..,,ItaiFBayAreaChess,,,,,
1,1,,Cayden,Cul..,,CaydenCBayAreaChess,,,,,
1,1,,Carson,Y,,CarsonYBayAreaChess,,,,,
1,1,,Chloe,Zha..,,KentuckyChicken,,,,,
1,1,,Anisa,Sap..,,AnisaSBAC,,,,,
1,1,,Milo,Jui..,,MiloJBayAreaChess,,,,,
1,1,,Landon,Hoc..,,LandonHBauyAreaChess,,,,,
1,1,,Raam,Pra..,,RaamPBayAreaChess,,,,,
1,1,,Alexander,Cro..,,AlexanderCBAC1,,,,,
1,1,,Ashwin ,Pra..,,AshwinPBAC,,,,,
,2,,Shourya,B,,ShouryaBBAC,,,,,
1,1,,Sterling,Kir..,,SterlingKBAC,,,,,
1,1,,Sahana,Sar..,,SahanaSBayAreaChess1,,,,,
1,1,,Abhinav,Sun..,,AbhinavSBAC,,,,,
1,1,,Ilina,B,,IlinaBBayAreaChess,,,,,
1,1,,Rohan,The..,,RohanSBAC,,,,,
1,1,,Shlok,Ban..,,ShlokBBAC,,,,,
1,1,,Krishna,Net..,,KrishnaNBayAreaChess,,,,,
1,1,,Vihaan,Gro..,,VihaanGBayAreaChess,,,,,
1,1,,Peter,B,,PeterBBayAreaChess,,,,,
1,1,,Savit ,K,,SavitKBayAreaChess ,,,,,
1,1,,Aarna,B,,AarnaBBayAreaChess,,,,,
1,1,,Mateo,L,, MateoLBayAreaChess ,,,,,
1,1,,Alex,L,,AlexLBAChess,,,,,
1,1,,Asher,H,,AsherHBayAreaChess,,,,,
1,1,,Akilan,R,,AkilanRBayAreaChess,,,,,
1,1,,Anakin,Y,,AnakinYBAC,,,,,
1,1,,Isaac ,W,,IsaacWBAC2,,,,,
1,1,,Evan,T,,EvanTBAChess,,,,,
1,1,,Ojas,J,,OjasJBayAreaChess,,,,,
1,1,,Timothy,E,,TimothyEBAC,,,,,
1,1,,Michael,S,,MichaelSBAC,,,,,
1,1,,Asher,G,,AsherGBAC,,,,,
1,1,,Mihir,S,,MihirSBayAreaChess,,,,,
1,1,,Reyansh,K,,ReyanshKBayAreaChess,,,,,
0,-9,9,Ashwin,Aravindhan,32453502,,,,,,
0,-9,9,Avaneesh,Edam,TBD,,,,,,
0,-9,9,Michael ,Golban,TBD,,,,,,
159,150,9,Vidyut,Suresh,32609651,,,,,,
,48,18,James,Su,32091853,,,,,,
45,18,27,Igor,Babinskaya,31380334,,,,,,
12,3,9,Neil,Verma,32727889,,,,,,
9,0,9,Advait,Agrawal,32832645,,,,,,
9,0,9,Hari,Jammi Venkata,32952327,,,,,,
24,15,9,Michael,Chen,33070294,,,,,,
36,18,18,Shivansh,Podder,33067625,,,,,,
6,3,3,Vikyath,Sadineni,32893373,,,,,,
6,3,3,Sasmit,Chatterjee,32291080,,,,,,
3,0,3,Ardhyuksh,Mohan,33071548,,,,,,
12,3,9,Tanisha,Senthil Venkatesh,33068745,,,,,,
18,0,18,Vaihnav,Ravikumar,33070372,,,,,,
9,0,9,Vishwajith,Mehanathan,32708462,,,,,,
,15,9,Vishnu,Santhosh,33061045,,,,,,
,-3,3,Ayaan,Rohaz,33055699,,,,,,
,-3,3,Zoya,Rohaz,32880043,,,,,,
,-12,12,Vian,Paladagu,31271735,,,,,,
,,,,,,,,,,,
,,,,,,,,,,,
,,,,,,,,,,,
,,,,,,,,,,,
,,,,,,,,,,,
,,,,,,,,,,,
,,,,,,,,,,,
,,,,,,,,,,,
,,,,,,,,,,,
,,,,,,,,,,,
,,,,,,,,,,,
157680,157680,,,,,,,,,,
0,,,,,,,,,,,
0,,,,,,,,,,,
0,,,,,,,,,,,
0,,,,,,,,,,,
0,,,,,,,,,,,
0,,,,,,,,,,,
0,,,,,,,,,,,
0,,,,,,,,,,,
0,,,,,,,,,,,
0,,,,,,,,,,,
0,,,,,,,,,,,
0,,,,,,,,,,,
0,,,,,,,,,,,
0,,,,,,,,,,,
0,,,,,,,,,,,
0,,,,,,,,,,,
0,,,,,,,,,,,
0,,,,,,,,,,,
0,,,,,,,,,,,
0,,,,,,,,,,,
0,,,,,,,,,,,
0,,,,,,,,,,,
0,,,,,,,,,,,
0,,,,,,,,,,,
0,,,,,,,,,,,
0,,,,,,,,,,,
0,,,,,,,,,,,
0,,,,,,,,,,,
0,,,,,,,,,,,
0,,,,,,,,,,,
0,,,,,,,,,,,
0,,,,,,,,,,,
0,,,,,,,,,,,
0,,,,,,,,,,,
0,,,,,,,,,,,
0,,,,,,,,,,,
0,,,,,,,,,,,
0,,,,,,,,,,,
0,,,,,,,,,,,
0,,,,,,,,,,,
0,,,,,,,,,,,
0,,,,,,,,,,,
0,,,,,,,,,,,
0,,,,,,,,,,,
0,,,,,,,,,,,
0,,,,,,,,,,,
0,,,,,,,,,,,
0,,,,,,,,,,,
0,,,,,,,,,,,
0,,,,,,,,,,,
0,,,,,,,,,,,
0,,,,,,,,,,,
0,,,,,,,,,,,
0,,,,,,,,,,,
0,,,,,,,,,,,
0,,,,,,,,,,,
0,,,,,,,,,,,
0,,,,,,,,,,,
0,,,,,,,,,,,
0,,,,,,,,,,,
0,,,,,,,,,,,
0,,,,,,,,,,,
0,,,,,,,,,,,
0,,,,,,,,,,,
0,,,,,,,,,,,
0,,,,,,,,,,,
0,,,,,,,,,,,
0,,,,,,,,,,,
0,,,,,,,,,,,
0,,,,,,,,,,,
0,,,,,,,,,,,
0,,,,,,,,,,,
0,,,,,,,,,,,
0,,,,,,,,,,,
0,,,,,,,,,,,
0,,,,,,,,,,,
0,,,,,,,,,,,
0,,,,,,,,,,,
0,,,,,,,,,,,
0,,,,,,,,,,,
0,,,,,,,,,,,
0,,,,,,,,,,,
0,,,,,,,,,,,
0,,,,,,,,,,,
0,,,,,,,,,,,
0,,,,,,,,,,,
0,,,,,,,,,,,
0,,,,,,,,,,,
0,,,,,,,,,,,
0,,,,,,,,,,,
0,,,,,,,,,,,
0,,,,,,,,,,,
0,,,,,,,,,,,
0,,,,,,,,,,,
0,,,,,,,,,,,
0,,,,,,,,,,,
0,,,,,,,,,,,
0,,,,,,,,,,,
0,,,,,,,,,,,
0,,,,,,,,,,,
0,,,,,,,,,,,
0,,,,,,,,,,,
0,,,,,,,,,,,
0,,,,,,,,,,,
0,,,,,,,,,,,
0,,,,,,,,,,,
0,,,,,,,,,,,
0,,,,,,,,,,,
0,,,,,,,,,,,
0,,,,,,,,,,,
0,,,,,,,,,,,
0,,,,,,,,,,,
0,,,,,,,,,,,
0,,,,,,,,,,,
0,,,,,,,,,,,
0,,,,,,,,,,,
0,,,,,,,,,,,
0,,,,,,,,,,,
0,,,,,,,,,,,
0,,,,,,,,,,,
0,,,,,,,,,,,
0,,,,,,,,,,,
0,,,,,,,,,,,
0,,,,,,,,,,,
0,,,,,,,,,,,
0,,,,,,,,,,,
0,,,,,,,,,,,
0,,,,,,,,,,,
0,,,,,,,,,,,
0,,,,,,,,,,,
0,,,,,,,,,,,
0,,,,,,,,,,,
0,,,,,,,,,,,
0,,,,,,,,,,,
0,,,,,,,,,,,
0,,,,,,,,,,,
0,,,,,,,,,,,
0,,,,,,,,,,,
0,,,,,,,,,,,
0,,,,,,,,,,,
0,,,,,,,,,,,
0,,,,,,,,,,,
0,,,,,,,,,,,
0,,,,,,,,,,,
0,,,,,,,,,,,
0,,,,,,,,,,,
0,,,,,,,,,,,
0,,,,,,,,,,,
0,,,,,,,,,,,
0,,,,,,,,,,,
0,,,,,,,,,,,
0,,,,,,,,,,,
0,,,,,,,,,,,
0,,,,,,,,,,,
0,,,,,,,,,,,
0,,,,,,,,,,,
0,,,,,,,,,,,
0,,,,,,,,,,,
0,,,,,,,,,,,
0,,,,,,,,,,,
0,,,,,,,,,,,
0,,,,,,,,,,,
0,,,,,,,,,,,
0,,,,,,,,,,,
0,,,,,,,,,,,
0,,,,,,,,,,,
0,,,,,,,,,,,
0,,,,,,,,,,,
0,,,,,,,,,,,
0,,,,,,,,,,,
0,,,,,,,,,,,
0,,,,,,,,,,,
0,,,,,,,,,,,
0,,,,,,,,,,,
0,,,,,,,,,,,
0,,,,,,,,,,,
0,,,,,,,,,,,
0,,,,,,,,,,,
0,,,,,,,,,,,
0,,,,,,,,,,,
0,,,,,,,,,,,
0,,,,,,,,,,,
0,,,,,,,,,,,
0,,,,,,,,,,,
0,,,,,,,,,,,
0,,,,,,,,,,,
0,,,,,,,,,,,
0,,,,,,,,,,,
0,,,,,,,,,,,
0,,,,,,,,,,,
0,,,,,,,,,,,
0,,,,,,,,,,,
0,,,,,,,,,,,
0,,,,,,,,,,,
0,,,,,,,,,,,
0,,,,,,,,,,,
0,,,,,,,,,,,
0,,,,,,,,,,,
0,,,,,,,,,,,
0,,,,,,,,,,,
0,,,,,,,,,,,
0,,,,,,,,,,,
0,,,,,,,,,,,
0,,,,,,,,,,,
0,,,,,,,,,,,
0,,,,,,,,,,,
0,,,,,,,,,,,
0,,,,,,,,,,,
0,,,,,,,,,,,
0,,,,,,,,,,,
0,,,,,,,,,,,
0,,,,,,,,,,,
0,,,,,,,,,,,
0,,,,,,,,,,,
0,,,,,,,,,,,
0,,,,,,,,,,,
0,,,,,,,,,,,
0,,,,,,,,,,,
0,,,,,,,,,,,
0,,,,,,,,,,,
0,,,,,,,,,,,
0,,,,,,,,,,,
0,,,,,,,,,,,
0,,,,,,,,,,,
0,,,,,,,,,,,
0,,,,,,,,,,,
0,,,,,,,,,,,
0,,,,,,,,,,,
0,,,,,,,,,,,
0,,,,,,,,,,,
0,,,,,,,,,,,
0,,,,,,,,,,,
0,,,,,,,,,,,
0,,,,,,,,,,,
0,,,,,,,,,,,
0,,,,,,,,,,,
0,,,,,,,,,,,
0,,,,,,,,,,,
0,,,,,,,,,,,
0,,,,,,,,,,,
0,,,,,,,,,,,
0,,,,,,,,,,,
0,,,,,,,,,,,
0,,,,,,,,,,,
0,,,,,,,,,,,
0,,,,,,,,,,,
0,,,,,,,,,,,
0,,,,,,,,,,,
0,,,,,,,,,,,
0,,,,,,,,,,,
0,,,,,,,,,,,
0,,,,,,,,,,,
0,,,,,,,,,,,
0,,,,,,,,,,,
0,,,,,,,,,,,
0,,,,,,,,,,,
0,,,,,,,,,,,
0,,,,,,,,,,,
0,,,,,,,,,,,
0,,,,,,,,,,,
0,,,,,,,,,,,
0,,,,,,,,,,,
0,,,,,,,,,,,
0,,,,,,,,,,,
0,,,,,,,,,,,
0,,,,,,,,,,,
0,,,,,,,,,,,
0,,,,,,,,,,,
0,,,,,,,,,,,
0,,,,,,,,,,,
0,,,,,,,,,,,
0,,,,,,,,,,,
0,,,,,,,,,,,
0,,,,,,,,,,,
0,,,,,,,,,,,
0,,,,,,,,,,,
0,,,,,,,,,,,
0,,,,,,,,,,,
0,,,,,,,,,,,
0,,,,,,,,,,,
0,,,,,,,,,,,
0,,,,,,,,,,,
0,,,,,,,,,,,
0,,,,,,,,,,,
0,,,,,,,,,,,
0,,,,,,,,,,,
0,,,,,,,,,,,
0,,,,,,,,,,,
0,,,,,,,,,,,
0,,,,,,,,,,,
0,,,,,,,,,,,
0,,,,,,,,,,,
0,,,,,,,,,,,
0,,,,,,,,,,,
0,,,,,,,,,,,
0,,,,,,,,,,,
0,,,,,,,,,,,
0,,,,,,,,,,,
0,,,,,,,,,,,
0,,,,,,,,,,,
0,,,,,,,,,,,
0,,,,,,,,,,,
0,,,,,,,,,,,
0,,,,,,,,,,,
0,,,,,,,,,,,
0,,,,,,,,,,,
0,,,,,,,,,,,
0,,,,,,,,,,,
0,,,,,,,,,,,
0,,,,,,,,,,,
0,,,,,,,,,,,
0,,,,,,,,,,,
0,,,,,,,,,,,
0,,,,,,,,,,,
0,,,,,,,,,,,
0,,,,,,,,,,,
0,,,,,,,,,,,
0,,,,,,,,,,,
0,,,,,,,,,,,
0,,,,,,,,,,,
0,,,,,,,,,,,
0,,,,,,,,,,,
0,,,,,,,,,,,
0,,,,,,,,,,,
0,,,,,,,,,,,
0,,,,,,,,,,,
0,,,,,,,,,,,
0,,,,,,,,,,,
0,,,,,,,,,,,
0,,,,,,,,,,,
0,,,,,,,,,,,
0,,,,,,,,,,,
0,,,,,,,,,,,
0,,,,,,,,,,,
0,,,,,,,,,,,
0,,,,,,,,,,,
0,,,,,,,,,,,
0,,,,,,,,,,,
0,,,,,,,,,,,
0,,,,,,,,,,,
0,,,,,,,,,,,
0,,,,,,,,,,,
0,,,,,,,,,,,
0,,,,,,,,,,,
0,,,,,,,,,,,
0,,,,,,,,,,,
0,,,,,,,,,,,
0,,,,,,,,,,,
0,,,,,,,,,,,
0,,,,,,,,,,,
0,,,,,,,,,,,
0,,,,,,,,,,,
0,,,,,,,,,,,
0,,,,,,,,,,,
0,,,,,,,,,,,
0,,,,,,,,,,,
0,,,,,,,,,,,
0,,,,,,,,,,,
0,,,,,,,,,,,
0,,,,,,,,,,,
0,,,,,,,,,,,
0,,,,,,,,,,,
0,,,,,,,,,,,
0,,,,,,,,,,,
0,,,,,,,,,,,
0,,,,,,,,,,,
0,,,,,,,,,,,
0,,,,,,,,,,,
0,,,,,,,,,,,
0,,,,,,,,,,,
0,,,,,,,,,,,
0,,,,,,,,,,,
0,,,,,,,,,,,
0,,,,,,,,,,,
0,,,,,,,,,,,
0,,,,,,,,,,,
0,,,,,,,,,,,
0,,,,,,,,,,,
0,,,,,,,,,,,
0,,,,,,,,,,,
0,,,,,,,,,,,
0,,,,,,,,,,,
0,,,,,,,,,,,
0,,,,,,,,,,,
0,,,,,,,,,,,
0,,,,,,,,,,,
0,,,,,,,,,,,
0,,,,,,,,,,,
0,,,,,,,,,,,
0,,,,,,,,,,,
0,,,,,,,,,,,
0,,,,,,,,,,,
0,,,,,,,,,,,
0,,,,,,,,,,,
0,,,,,,,,,,,
0,,,,,,,,,,,
0,,,,,,,,,,,
0,,,,,,,,,,,
0,,,,,,,,,,,
0,,,,,,,,,,,
0,,,,,,,,,,,
0,,,,,,,,,,,
0,,,,,,,,,,,
0,,,,,,,,,,,
0,,,,,,,,,,,
0,,,,,,,,,,,
0,,,,,,,,,,,
0,,,,,,,,,,,
0,,,,,,,,,,,
0,,,,,,,,,,,
0,,,,,,,,,,,
0,,,,,,,,,,,
0,,,,,,,,,,,
0,,,,,,,,,,,
0,,,,,,,,,,,
0,,,,,,,,,,,
0,,,,,,,,,,,
0,,,,,,,,,,,
0,,,,,,,,,,,
0,,,,,,,,,,,
0,,,,,,,,,,,
0,,,,,,,,,,,
0,,,,,,,,,,,
0,,,,,,,,,,,
0,,,,,,,,,,,
0,,,,,,,,,,,
0,,,,,,,,,,,
0,,,,,,,,,,,
0,,,,,,,,,,,
0,,,,,,,,,,,
0,,,,,,,,,,,
0,,,,,,,,,,,
0,,,,,,,,,,,
0,,,,,,,,,,,
0,,,,,,,,,,,
0,,,,,,,,,,,
0,,,,,,,,,,,
0,,,,,,,,,,,
0,,,,,,,,,,,
0,,,,,,,,,,,
0,,,,,,,,,,,
0,,,,,,,,,,,
0,,,,,,,,,,,
0,,,,,,,,,,,
0,,,,,,,,,,,
0,,,,,,,,,,,
0,,,,,,,,,,,
0,,,,,,,,,,,
0,,,,,,,,,,,
0,,,,,,,,,,,
0,,,,,,,,,,,
0,,,,,,,,,,,
0,,,,,,,,,,,
0,,,,,,,,,,,
0,,,,,,,,,,,
0,,,,,,,,,,,
0,,,,,,,,,,,
0,,,,,,,,,,,
0,,,,,,,,,,,
0,,,,,,,,,,,
0,,,,,,,,,,,
0,,,,,,,,,,,
0,,,,,,,,,,,
0,,,,,,,,,,,
0,,,,,,,,,,,
0,,,,,,,,,,,
0,,,,,,,,,,,
0,,,,,,,,,,,
0,,,,,,,,,,,
0,,,,,,,,,,,
0,,,,,,,,,,,
0,,,,,,,,,,,
0,,,,,,,,,,,
0,,,,,,,,,,,
0,,,,,,,,,,,
0,,,,,,,,,,,
0,,,,,,,,,,,
0,,,,,,,,,,,
0,,,,,,,,,,,
0,,,,,,,,,,,
0,,,,,,,,,,,
0,,,,,,,,,,,
0,,,,,,,,,,,
0,,,,,,,,,,,
0,,,,,,,,,,,
0,,,,,,,,,,,
0,,,,,,,,,,,
0,,,,,,,,,,,
0,,,,,,,,,,,
0,,,,,,,,,,,
0,,,,,,,,,,,
0,,,,,,,,,,,
0,,,,,,,,,,,
0,,,,,,,,,,,
0,,,,,,,,,,,
0,,,,,,,,,,,
0,,,,,,,,,,,
0,,,,,,,,,,,
0,,,,,,,,,,,
0,,,,,,,,,,,
0,,,,,,,,,,,
0,,,,,,,,,,,
0,,,,,,,,,,,
0,,,,,,,,,,,
0,,,,,,,,,,,
0,,,,,,,,,,,
0,,,,,,,,,,,
0,,,,,,,,,,,
0,,,,,,,,,,,
0,,,,,,,,,,,